[2026-04-29 18:44:52] [DEBUG   ] [physics.geometry] Initialisation ReactorGeometry : R_n=12.0, R_hex=2.0
[2026-04-29 18:44:56] [DEBUG   ] [physics.geometry] Initialisation ReactorGeometry : R_n=12.0, R_hex=2.0
[2026-04-29 18:44:56] [INFO    ] [physics.geometry] Début de la génération du maillage : /home/Bud0x/Documents/bachinge/BAC3/LEPL1110/project/Projet_ef/output/meshes/reactor_Rn12.0_Rhex2.0_20260429_184456.msh
[2026-04-29 18:44:56] [DEBUG   ] [physics.geometry] Création du domaine global et des assemblages...
[2026-04-29 18:44:57] [DEBUG   ] [physics.geometry] Lancement de la fragmentation booléenne (opération lourde)...
[2026-04-29 18:44:58] [DEBUG   ] [physics.geometry] Assignation des Groupes Physiques...
[2026-04-29 18:44:58] [INFO    ] [physics.geometry] Lancement du moteur de maillage 2D de Gmsh...
[2026-04-29 18:45:13] [INFO    ] [physics.geometry] Maillage généré et sauvegardé avec succès : /home/Bud0x/Documents/bachinge/BAC3/LEPL1110/project/Projet_ef/output/meshes/reactor_Rn12.0_Rhex2.0_20260429_184456.msh
[2026-04-29 18:54:50] [DEBUG   ] [physics.geometry] Initialisation ReactorGeometry : R_n=12.0, R_hex=2.0
[2026-04-29 18:54:58] [INFO    ] [core.solver] Démarrage de run_full_simulation sur : /home/Bud0x/Documents/bachinge/BAC3/LEPL1110/project/Projet_ef/output/meshes/reactor_Rn12.0_Rhex2.0_20260429_184456.msh
[2026-04-29 18:55:00] [DEBUG   ] [core.solver] Maillage chargé. Nombre de nœuds : 165218
[2026-04-29 18:55:00] [DEBUG   ] [core.solver] Extraction des données P1 FEM depuis le maillage...
[2026-04-29 18:55:02] [DEBUG   ] [core.solver] Extraction terminée pour 330354 éléments triangulaires.
[2026-04-29 18:55:02] [DEBUG   ] [core.solver] Flux initial défini. Puissance initiale (intégrale) = 1652180.0
[2026-04-29 18:55:02] [INFO    ] [core.solver] Scénario PID: Cible = 70.0% -> Puissance absolue cible = 1156526.0
[2026-04-29 18:55:02] [INFO    ] [core.solver] Début de l'assemblage des matrices fixes...
[2026-04-29 18:55:02] [DEBUG   ] [physics.materials] Calcul des propriétés matériaux. rod_insertion=1.0
[2026-04-29 18:55:02] [DEBUG   ] [physics.materials] Utilisation du user_mapping: {'Fuel': 'Fuel_Uranium', 'Moderator': '', 'Reflector': 'Graphite_Moderator', 'ControlRods': 'Boral_ControlRod'}
[2026-04-29 18:55:02] [ERROR   ] [physics.materials] Erreur: Matériau introuvable dans MATERIAL_DB ou user_mapping manquant : ''
Traceback (most recent call last):
  File "/home/Bud0x/Documents/bachinge/BAC3/LEPL1110/project/Projet_ef/physics/materials.py", line 94, in get_material_properties
    props = MATERIAL_DB[db_name]
            ~~~~~~~~~~~^^^^^^^^^
KeyError: ''
[2026-04-29 18:59:55] [INFO    ] [utils.gui] Démarrage de l'interface graphique ReactorGUI.
[2026-04-29 18:59:58] [DEBUG   ] [physics.geometry] Initialisation ReactorGeometry : R_n=12.0, R_hex=2.0
[2026-04-29 19:00:04] [DEBUG   ] [physics.geometry] Initialisation ReactorGeometry : R_n=12.0, R_hex=2.0
[2026-04-29 19:00:12] [INFO    ] [utils.gui] Début de la génération manuelle (Gmsh) : /home/Bud0x/Documents/bachinge/BAC3/LEPL1110/project/Projet_ef/output/meshes/reactor_manual_Rn12.0_Rhex2.0_20260429_190012.msh
[2026-04-29 19:00:12] [INFO    ] [physics.geometry] Début de la génération du maillage : /home/Bud0x/Documents/bachinge/BAC3/LEPL1110/project/Projet_ef/output/meshes/reactor_manual_Rn12.0_Rhex2.0_20260429_190012.msh
[2026-04-29 19:00:12] [DEBUG   ] [physics.geometry] Création du domaine global et des assemblages...
[2026-04-29 19:00:12] [DEBUG   ] [physics.geometry] Lancement de la fragmentation booléenne (opération lourde)...
[2026-04-29 19:00:13] [DEBUG   ] [physics.geometry] Assignation des Groupes Physiques...
[2026-04-29 19:00:13] [INFO    ] [physics.geometry] Lancement du moteur de maillage 2D de Gmsh...
[2026-04-29 19:00:27] [INFO    ] [physics.geometry] Maillage généré et sauvegardé avec succès : /home/Bud0x/Documents/bachinge/BAC3/LEPL1110/project/Projet_ef/output/meshes/reactor_manual_Rn12.0_Rhex2.0_20260429_190012.msh
[2026-04-29 19:00:39] [INFO    ] [utils.gui] Fichier de maillage sélectionné pour la simulation : /home/Bud0x/Documents/bachinge/BAC3/LEPL1110/project/Projet_ef/output/meshes/reactor_manual_Rn12.0_Rhex2.0_20260429_190012.msh
[2026-04-29 19:00:39] [INFO    ] [core.solver] Démarrage de run_full_simulation sur : /home/Bud0x/Documents/bachinge/BAC3/LEPL1110/project/Projet_ef/output/meshes/reactor_manual_Rn12.0_Rhex2.0_20260429_190012.msh
[2026-04-29 19:00:41] [DEBUG   ] [core.solver] Maillage chargé. Nombre de nœuds : 163550
[2026-04-29 19:00:41] [DEBUG   ] [core.solver] Extraction des données P1 FEM depuis le maillage...
[2026-04-29 19:00:44] [DEBUG   ] [core.solver] Extraction terminée pour 327018 éléments triangulaires.
[2026-04-29 19:00:44] [DEBUG   ] [core.solver] Flux initial défini. Puissance initiale (intégrale) = 1635500.0
[2026-04-29 19:00:44] [INFO    ] [core.solver] Scénario PID: Cible = 70.0% -> Puissance absolue cible = 1144850.0
[2026-04-29 19:00:44] [INFO    ] [core.solver] Début de l'assemblage des matrices fixes...
[2026-04-29 19:00:44] [DEBUG   ] [physics.materials] Calcul des propriétés matériaux. rod_insertion=1.0
[2026-04-29 19:00:44] [DEBUG   ] [physics.materials] Utilisation du user_mapping: {'Fuel': 'Fuel_Uranium', 'Moderator': 'Water_Moderator', 'Reflector': 'Graphite_Moderator', 'ControlRods': 'Boral_ControlRod'}
[2026-04-29 19:00:44] [ERROR   ] [physics.materials] Erreur: Matériau introuvable dans MATERIAL_DB ou user_mapping manquant : 'Water_Moderator'
Traceback (most recent call last):
  File "/home/Bud0x/Documents/bachinge/BAC3/LEPL1110/project/Projet_ef/physics/materials.py", line 94, in get_material_properties
    props = MATERIAL_DB[db_name]
            ~~~~~~~~~~~^^^^^^^^^
KeyError: 'Water_Moderator'
[2026-04-29 19:00:44] [ERROR   ] [utils.gui] Le solver a échoué lors de l'exécution unitaire : 'Water_Moderator'
Traceback (most recent call last):
  File "/home/Bud0x/Documents/bachinge/BAC3/LEPL1110/project/Projet_ef/utils/gui.py", line 243, in action_solve
    run_full_simulation(output_file, user_mapping=user_materials)
    ~~~~~~~~~~~~~~~~~~~^^^^^^^^^^^^^^^^^^^^^^^^^^^^^^^^^^^^^^^^^^
  File "/home/Bud0x/Documents/bachinge/BAC3/LEPL1110/project/Projet_ef/core/solver.py", line 142, in run_full_simulation
    c_D, c_Sigma_a, c_nuSigma_f, c_inv_v = get_material_properties(
                                           ~~~~~~~~~~~~~~~~~~~~~~~^
        mesh, conn, rod_insertion=1.0, user_mapping=user_mapping
        ^^^^^^^^^^^^^^^^^^^^^^^^^^^^^^^^^^^^^^^^^^^^^^^^^^^^^^^^
    )
    ^
  File "/home/Bud0x/Documents/bachinge/BAC3/LEPL1110/project/Projet_ef/physics/materials.py", line 94, in get_material_properties
    props = MATERIAL_DB[db_name]
            ~~~~~~~~~~~^^^^^^^^^
KeyError: 'Water_Moderator'
[2026-04-29 19:02:26] [INFO    ] [utils.gui] Fichier de maillage sélectionné pour la simulation : /home/Bud0x/Documents/bachinge/BAC3/LEPL1110/project/Projet_ef/output/meshes/reactor_manual_Rn12.0_Rhex2.0_20260429_190012.msh
[2026-04-29 19:02:26] [INFO    ] [core.solver] Démarrage de run_full_simulation sur : /home/Bud0x/Documents/bachinge/BAC3/LEPL1110/project/Projet_ef/output/meshes/reactor_manual_Rn12.0_Rhex2.0_20260429_190012.msh
[2026-04-29 19:02:27] [DEBUG   ] [core.solver] Maillage chargé. Nombre de nœuds : 163550
[2026-04-29 19:02:27] [DEBUG   ] [core.solver] Extraction des données P1 FEM depuis le maillage...
[2026-04-29 19:02:30] [DEBUG   ] [core.solver] Extraction terminée pour 327018 éléments triangulaires.
[2026-04-29 19:02:30] [DEBUG   ] [core.solver] Flux initial défini. Puissance initiale (intégrale) = 1635500.0
[2026-04-29 19:02:30] [INFO    ] [core.solver] Scénario PID: Cible = 70.0% -> Puissance absolue cible = 1144850.0
[2026-04-29 19:02:30] [INFO    ] [core.solver] Début de l'assemblage des matrices fixes...
[2026-04-29 19:02:30] [DEBUG   ] [physics.materials] Calcul des propriétés matériaux. rod_insertion=1.0
[2026-04-29 19:02:30] [DEBUG   ] [physics.materials] Utilisation du user_mapping: {'Fuel': 'Fuel_Uranium', 'Moderator': 'HeavyWater_Moderator', 'Reflector': 'Graphite_Moderator', 'ControlRods': 'Boral_ControlRod'}
[2026-04-29 19:02:30] [DEBUG   ] [physics.materials] Propriétés des matériaux appliquées avec succès sur tout le maillage.
[2026-04-29 19:02:30] [DEBUG   ] [core.assembly] Début de l'assemblage (Masse/Réaction) pour 327018 éléments...
[2026-04-29 19:02:32] [DEBUG   ] [core.assembly] Assemblage terminé. Matrice creuse construite: taille (163550, 163550) avec 1144684 éléments non-nuls.
[2026-04-29 19:02:32] [DEBUG   ] [core.assembly] Début de l'assemblage de Rigidité (Diffusion) pour 327018 éléments...
[2026-04-29 19:02:34] [DEBUG   ] [core.assembly] Assemblage de Rigidité terminé. Matrice creuse construite: taille (163550, 163550) avec 1144684 éléments non-nuls.
[2026-04-29 19:02:34] [DEBUG   ] [core.assembly] Début de l'assemblage (Masse/Réaction) pour 327018 éléments...
[2026-04-29 19:02:34] [DEBUG   ] [core.assembly] Assemblage terminé. Matrice creuse construite: taille (163550, 163550) avec 1144684 éléments non-nuls.
[2026-04-29 19:02:34] [INFO    ] [core.solver] Assemblage des matrices M, K et R_init terminé.
[2026-04-29 19:02:34] [INFO    ] [core.solver] Démarrage de l'intégration temporelle dynamique...
[2026-04-29 19:02:34] [DEBUG   ] [core.time_integration] Initialisation du TimeIntegrator avec theta = 1.0
[2026-04-29 19:02:34] [INFO    ] [core.time_integration] Début de l'intégration temporelle : t=[0.0, 0.05], dt=0.00050, étapes=100
[2026-04-29 19:02:34] [INFO    ] [core.time_integration] Mouvement significatif des barres détecté (pos=0.0500). Re-calcul de la physique et factorisation LU...
[2026-04-29 19:02:34] [DEBUG   ] [physics.materials] Calcul des propriétés matériaux. rod_insertion=0.05
[2026-04-29 19:02:34] [DEBUG   ] [physics.materials] Utilisation du user_mapping: {'Fuel': 'Fuel_Uranium', 'Moderator': 'HeavyWater_Moderator', 'Reflector': 'Graphite_Moderator', 'ControlRods': 'Boral_ControlRod'}
[2026-04-29 19:02:34] [DEBUG   ] [physics.materials] Propriétés des matériaux appliquées avec succès sur tout le maillage.
[2026-04-29 19:02:34] [DEBUG   ] [core.assembly] Début de l'assemblage (Masse/Réaction) pour 327018 éléments...
[2026-04-29 19:02:34] [DEBUG   ] [core.assembly] Assemblage terminé. Matrice creuse construite: taille (163550, 163550) avec 1144684 éléments non-nuls.
[2026-04-29 19:02:35] [INFO    ] [core.time_integration] Mouvement significatif des barres détecté (pos=0.0620). Re-calcul de la physique et factorisation LU...
[2026-04-29 19:02:35] [DEBUG   ] [physics.materials] Calcul des propriétés matériaux. rod_insertion=0.061977630784191155
[2026-04-29 19:02:35] [DEBUG   ] [physics.materials] Utilisation du user_mapping: {'Fuel': 'Fuel_Uranium', 'Moderator': 'HeavyWater_Moderator', 'Reflector': 'Graphite_Moderator', 'ControlRods': 'Boral_ControlRod'}
[2026-04-29 19:02:35] [DEBUG   ] [physics.materials] Propriétés des matériaux appliquées avec succès sur tout le maillage.
[2026-04-29 19:02:35] [DEBUG   ] [core.assembly] Début de l'assemblage (Masse/Réaction) pour 327018 éléments...
[2026-04-29 19:02:36] [DEBUG   ] [core.assembly] Assemblage terminé. Matrice creuse construite: taille (163550, 163550) avec 1144684 éléments non-nuls.
[2026-04-29 19:02:37] [INFO    ] [core.time_integration] Mouvement significatif des barres détecté (pos=0.0746). Re-calcul de la physique et factorisation LU...
[2026-04-29 19:02:37] [DEBUG   ] [physics.materials] Calcul des propriétés matériaux. rod_insertion=0.07459115741156798
[2026-04-29 19:02:37] [DEBUG   ] [physics.materials] Utilisation du user_mapping: {'Fuel': 'Fuel_Uranium', 'Moderator': 'HeavyWater_Moderator', 'Reflector': 'Graphite_Moderator', 'ControlRods': 'Boral_ControlRod'}
[2026-04-29 19:02:37] [DEBUG   ] [physics.materials] Propriétés des matériaux appliquées avec succès sur tout le maillage.
[2026-04-29 19:02:37] [DEBUG   ] [core.assembly] Début de l'assemblage (Masse/Réaction) pour 327018 éléments...
[2026-04-29 19:02:37] [DEBUG   ] [core.assembly] Assemblage terminé. Matrice creuse construite: taille (163550, 163550) avec 1144684 éléments non-nuls.
[2026-04-29 19:02:39] [INFO    ] [core.time_integration] Mouvement significatif des barres détecté (pos=0.0877). Re-calcul de la physique et factorisation LU...
[2026-04-29 19:02:39] [DEBUG   ] [physics.materials] Calcul des propriétés matériaux. rod_insertion=0.08774190527658818
[2026-04-29 19:02:39] [DEBUG   ] [physics.materials] Utilisation du user_mapping: {'Fuel': 'Fuel_Uranium', 'Moderator': 'HeavyWater_Moderator', 'Reflector': 'Graphite_Moderator', 'ControlRods': 'Boral_ControlRod'}
[2026-04-29 19:02:39] [DEBUG   ] [physics.materials] Propriétés des matériaux appliquées avec succès sur tout le maillage.
[2026-04-29 19:02:39] [DEBUG   ] [core.assembly] Début de l'assemblage (Masse/Réaction) pour 327018 éléments...
[2026-04-29 19:02:39] [DEBUG   ] [core.assembly] Assemblage terminé. Matrice creuse construite: taille (163550, 163550) avec 1144684 éléments non-nuls.
[2026-04-29 19:02:41] [INFO    ] [core.time_integration] Mouvement significatif des barres détecté (pos=0.1014). Re-calcul de la physique et factorisation LU...
[2026-04-29 19:02:41] [DEBUG   ] [physics.materials] Calcul des propriétés matériaux. rod_insertion=0.10139633485816192
[2026-04-29 19:02:41] [DEBUG   ] [physics.materials] Utilisation du user_mapping: {'Fuel': 'Fuel_Uranium', 'Moderator': 'HeavyWater_Moderator', 'Reflector': 'Graphite_Moderator', 'ControlRods': 'Boral_ControlRod'}
[2026-04-29 19:02:41] [DEBUG   ] [physics.materials] Propriétés des matériaux appliquées avec succès sur tout le maillage.
[2026-04-29 19:02:41] [DEBUG   ] [core.assembly] Début de l'assemblage (Masse/Réaction) pour 327018 éléments...
[2026-04-29 19:02:41] [DEBUG   ] [core.assembly] Assemblage terminé. Matrice creuse construite: taille (163550, 163550) avec 1144684 éléments non-nuls.
[2026-04-29 19:02:43] [INFO    ] [core.time_integration] Mouvement significatif des barres détecté (pos=0.1155). Re-calcul de la physique et factorisation LU...
[2026-04-29 19:02:43] [DEBUG   ] [physics.materials] Calcul des propriétés matériaux. rod_insertion=0.11552762807735048
[2026-04-29 19:02:43] [DEBUG   ] [physics.materials] Utilisation du user_mapping: {'Fuel': 'Fuel_Uranium', 'Moderator': 'HeavyWater_Moderator', 'Reflector': 'Graphite_Moderator', 'ControlRods': 'Boral_ControlRod'}
[2026-04-29 19:02:43] [DEBUG   ] [physics.materials] Propriétés des matériaux appliquées avec succès sur tout le maillage.
[2026-04-29 19:02:43] [DEBUG   ] [core.assembly] Début de l'assemblage (Masse/Réaction) pour 327018 éléments...
[2026-04-29 19:02:43] [DEBUG   ] [core.assembly] Assemblage terminé. Matrice creuse construite: taille (163550, 163550) avec 1144684 éléments non-nuls.
[2026-04-29 19:02:44] [INFO    ] [core.time_integration] Mouvement significatif des barres détecté (pos=0.1301). Re-calcul de la physique et factorisation LU...
[2026-04-29 19:02:44] [DEBUG   ] [physics.materials] Calcul des propriétés matériaux. rod_insertion=0.1301112720164831
[2026-04-29 19:02:44] [DEBUG   ] [physics.materials] Utilisation du user_mapping: {'Fuel': 'Fuel_Uranium', 'Moderator': 'HeavyWater_Moderator', 'Reflector': 'Graphite_Moderator', 'ControlRods': 'Boral_ControlRod'}
[2026-04-29 19:02:44] [DEBUG   ] [physics.materials] Propriétés des matériaux appliquées avec succès sur tout le maillage.
[2026-04-29 19:02:44] [DEBUG   ] [core.assembly] Début de l'assemblage (Masse/Réaction) pour 327018 éléments...
[2026-04-29 19:02:45] [DEBUG   ] [core.assembly] Assemblage terminé. Matrice creuse construite: taille (163550, 163550) avec 1144684 éléments non-nuls.
[2026-04-29 19:02:46] [INFO    ] [core.time_integration] Mouvement significatif des barres détecté (pos=0.1451). Re-calcul de la physique et factorisation LU...
[2026-04-29 19:02:46] [DEBUG   ] [physics.materials] Calcul des propriétés matériaux. rod_insertion=0.14512294368767062
[2026-04-29 19:02:46] [DEBUG   ] [physics.materials] Utilisation du user_mapping: {'Fuel': 'Fuel_Uranium', 'Moderator': 'HeavyWater_Moderator', 'Reflector': 'Graphite_Moderator', 'ControlRods': 'Boral_ControlRod'}
[2026-04-29 19:02:46] [DEBUG   ] [physics.materials] Propriétés des matériaux appliquées avec succès sur tout le maillage.
[2026-04-29 19:02:46] [DEBUG   ] [core.assembly] Début de l'assemblage (Masse/Réaction) pour 327018 éléments...
[2026-04-29 19:02:47] [DEBUG   ] [core.assembly] Assemblage terminé. Matrice creuse construite: taille (163550, 163550) avec 1144684 éléments non-nuls.
[2026-04-29 19:02:48] [INFO    ] [core.time_integration] Mouvement significatif des barres détecté (pos=0.1605). Re-calcul de la physique et factorisation LU...
[2026-04-29 19:02:48] [DEBUG   ] [physics.materials] Calcul des propriétés matériaux. rod_insertion=0.16053771067080852
[2026-04-29 19:02:48] [DEBUG   ] [physics.materials] Utilisation du user_mapping: {'Fuel': 'Fuel_Uranium', 'Moderator': 'HeavyWater_Moderator', 'Reflector': 'Graphite_Moderator', 'ControlRods': 'Boral_ControlRod'}
[2026-04-29 19:02:48] [DEBUG   ] [physics.materials] Propriétés des matériaux appliquées avec succès sur tout le maillage.
[2026-04-29 19:02:48] [DEBUG   ] [core.assembly] Début de l'assemblage (Masse/Réaction) pour 327018 éléments...
[2026-04-29 19:02:48] [DEBUG   ] [core.assembly] Assemblage terminé. Matrice creuse construite: taille (163550, 163550) avec 1144684 éléments non-nuls.
[2026-04-29 19:02:50] [DEBUG   ] [core.time_integration] Progression de l'intégration : Étape 10/100
[2026-04-29 19:02:50] [INFO    ] [core.time_integration] Mouvement significatif des barres détecté (pos=0.1763). Re-calcul de la physique et factorisation LU...
[2026-04-29 19:02:50] [DEBUG   ] [physics.materials] Calcul des propriétés matériaux. rod_insertion=0.17632979398512194
[2026-04-29 19:02:50] [DEBUG   ] [physics.materials] Utilisation du user_mapping: {'Fuel': 'Fuel_Uranium', 'Moderator': 'HeavyWater_Moderator', 'Reflector': 'Graphite_Moderator', 'ControlRods': 'Boral_ControlRod'}
[2026-04-29 19:02:50] [DEBUG   ] [physics.materials] Propriétés des matériaux appliquées avec succès sur tout le maillage.
[2026-04-29 19:02:50] [DEBUG   ] [core.assembly] Début de l'assemblage (Masse/Réaction) pour 327018 éléments...
[2026-04-29 19:02:50] [DEBUG   ] [core.assembly] Assemblage terminé. Matrice creuse construite: taille (163550, 163550) avec 1144684 éléments non-nuls.
[2026-04-29 19:02:52] [INFO    ] [core.time_integration] Mouvement significatif des barres détecté (pos=0.1925). Re-calcul de la physique et factorisation LU...
[2026-04-29 19:02:52] [DEBUG   ] [physics.materials] Calcul des propriétés matériaux. rod_insertion=0.19247253691654168
[2026-04-29 19:02:52] [DEBUG   ] [physics.materials] Utilisation du user_mapping: {'Fuel': 'Fuel_Uranium', 'Moderator': 'HeavyWater_Moderator', 'Reflector': 'Graphite_Moderator', 'ControlRods': 'Boral_ControlRod'}
[2026-04-29 19:02:52] [DEBUG   ] [physics.materials] Propriétés des matériaux appliquées avec succès sur tout le maillage.
[2026-04-29 19:02:52] [DEBUG   ] [core.assembly] Début de l'assemblage (Masse/Réaction) pour 327018 éléments...
[2026-04-29 19:02:52] [DEBUG   ] [core.assembly] Assemblage terminé. Matrice creuse construite: taille (163550, 163550) avec 1144684 éléments non-nuls.
[2026-04-29 19:02:54] [INFO    ] [core.time_integration] Mouvement significatif des barres détecté (pos=0.2089). Re-calcul de la physique et factorisation LU...
[2026-04-29 19:02:54] [DEBUG   ] [physics.materials] Calcul des propriétés matériaux. rod_insertion=0.208938438103195
[2026-04-29 19:02:54] [DEBUG   ] [physics.materials] Utilisation du user_mapping: {'Fuel': 'Fuel_Uranium', 'Moderator': 'HeavyWater_Moderator', 'Reflector': 'Graphite_Moderator', 'ControlRods': 'Boral_ControlRod'}
[2026-04-29 19:02:54] [DEBUG   ] [physics.materials] Propriétés des matériaux appliquées avec succès sur tout le maillage.
[2026-04-29 19:02:54] [DEBUG   ] [core.assembly] Début de l'assemblage (Masse/Réaction) pour 327018 éléments...
[2026-04-29 19:02:54] [DEBUG   ] [core.assembly] Assemblage terminé. Matrice creuse construite: taille (163550, 163550) avec 1144684 éléments non-nuls.
[2026-04-29 19:02:55] [INFO    ] [core.time_integration] Mouvement significatif des barres détecté (pos=0.2257). Re-calcul de la physique et factorisation LU...
[2026-04-29 19:02:55] [DEBUG   ] [physics.materials] Calcul des propriétés matériaux. rod_insertion=0.22569919914176068
[2026-04-29 19:02:55] [DEBUG   ] [physics.materials] Utilisation du user_mapping: {'Fuel': 'Fuel_Uranium', 'Moderator': 'HeavyWater_Moderator', 'Reflector': 'Graphite_Moderator', 'ControlRods': 'Boral_ControlRod'}
[2026-04-29 19:02:55] [DEBUG   ] [physics.materials] Propriétés des matériaux appliquées avec succès sur tout le maillage.
[2026-04-29 19:02:55] [DEBUG   ] [core.assembly] Début de l'assemblage (Masse/Réaction) pour 327018 éléments...
[2026-04-29 19:02:56] [DEBUG   ] [core.assembly] Assemblage terminé. Matrice creuse construite: taille (163550, 163550) avec 1144684 éléments non-nuls.
[2026-04-29 19:02:57] [INFO    ] [core.time_integration] Mouvement significatif des barres détecté (pos=0.2427). Re-calcul de la physique et factorisation LU...
[2026-04-29 19:02:57] [DEBUG   ] [physics.materials] Calcul des propriétés matériaux. rod_insertion=0.2427257720247386
[2026-04-29 19:02:57] [DEBUG   ] [physics.materials] Utilisation du user_mapping: {'Fuel': 'Fuel_Uranium', 'Moderator': 'HeavyWater_Moderator', 'Reflector': 'Graphite_Moderator', 'ControlRods': 'Boral_ControlRod'}
[2026-04-29 19:02:57] [DEBUG   ] [physics.materials] Propriétés des matériaux appliquées avec succès sur tout le maillage.
[2026-04-29 19:02:57] [DEBUG   ] [core.assembly] Début de l'assemblage (Masse/Réaction) pour 327018 éléments...
[2026-04-29 19:02:58] [DEBUG   ] [core.assembly] Assemblage terminé. Matrice creuse construite: taille (163550, 163550) avec 1144684 éléments non-nuls.
[2026-04-29 19:02:59] [INFO    ] [core.time_integration] Mouvement significatif des barres détecté (pos=0.2600). Re-calcul de la physique et factorisation LU...
[2026-04-29 19:02:59] [DEBUG   ] [physics.materials] Calcul des propriétés matériaux. rod_insertion=0.25998840360367836
[2026-04-29 19:02:59] [DEBUG   ] [physics.materials] Utilisation du user_mapping: {'Fuel': 'Fuel_Uranium', 'Moderator': 'HeavyWater_Moderator', 'Reflector': 'Graphite_Moderator', 'ControlRods': 'Boral_ControlRod'}
[2026-04-29 19:02:59] [DEBUG   ] [physics.materials] Propriétés des matériaux appliquées avec succès sur tout le maillage.
[2026-04-29 19:02:59] [DEBUG   ] [core.assembly] Début de l'assemblage (Masse/Réaction) pour 327018 éléments...
[2026-04-29 19:02:59] [DEBUG   ] [core.assembly] Assemblage terminé. Matrice creuse construite: taille (163550, 163550) avec 1144684 éléments non-nuls.
[2026-04-29 19:03:01] [INFO    ] [core.time_integration] Mouvement significatif des barres détecté (pos=0.2775). Re-calcul de la physique et factorisation LU...
[2026-04-29 19:03:01] [DEBUG   ] [physics.materials] Calcul des propriétés matériaux. rod_insertion=0.27745667756421855
[2026-04-29 19:03:01] [DEBUG   ] [physics.materials] Utilisation du user_mapping: {'Fuel': 'Fuel_Uranium', 'Moderator': 'HeavyWater_Moderator', 'Reflector': 'Graphite_Moderator', 'ControlRods': 'Boral_ControlRod'}
[2026-04-29 19:03:01] [DEBUG   ] [physics.materials] Propriétés des matériaux appliquées avec succès sur tout le maillage.
[2026-04-29 19:03:01] [DEBUG   ] [core.assembly] Début de l'assemblage (Masse/Réaction) pour 327018 éléments...
[2026-04-29 19:03:01] [DEBUG   ] [core.assembly] Assemblage terminé. Matrice creuse construite: taille (163550, 163550) avec 1144684 éléments non-nuls.
[2026-04-29 19:03:03] [INFO    ] [core.time_integration] Mouvement significatif des barres détecté (pos=0.2951). Re-calcul de la physique et factorisation LU...
[2026-04-29 19:03:03] [DEBUG   ] [physics.materials] Calcul des propriétés matériaux. rod_insertion=0.29509955485726935
[2026-04-29 19:03:03] [DEBUG   ] [physics.materials] Utilisation du user_mapping: {'Fuel': 'Fuel_Uranium', 'Moderator': 'HeavyWater_Moderator', 'Reflector': 'Graphite_Moderator', 'ControlRods': 'Boral_ControlRod'}
[2026-04-29 19:03:03] [DEBUG   ] [physics.materials] Propriétés des matériaux appliquées avec succès sur tout le maillage.
[2026-04-29 19:03:03] [DEBUG   ] [core.assembly] Début de l'assemblage (Masse/Réaction) pour 327018 éléments...
[2026-04-29 19:03:03] [DEBUG   ] [core.assembly] Assemblage terminé. Matrice creuse construite: taille (163550, 163550) avec 1144684 éléments non-nuls.
[2026-04-29 19:03:05] [INFO    ] [core.time_integration] Mouvement significatif des barres détecté (pos=0.3129). Re-calcul de la physique et factorisation LU...
[2026-04-29 19:03:05] [DEBUG   ] [physics.materials] Calcul des propriétés matériaux. rod_insertion=0.3128854132552011
[2026-04-29 19:03:05] [DEBUG   ] [physics.materials] Utilisation du user_mapping: {'Fuel': 'Fuel_Uranium', 'Moderator': 'HeavyWater_Moderator', 'Reflector': 'Graphite_Moderator', 'ControlRods': 'Boral_ControlRod'}
[2026-04-29 19:03:05] [DEBUG   ] [physics.materials] Propriétés des matériaux appliquées avec succès sur tout le maillage.
[2026-04-29 19:03:05] [DEBUG   ] [core.assembly] Début de l'assemblage (Masse/Réaction) pour 327018 éléments...
[2026-04-29 19:03:05] [DEBUG   ] [core.assembly] Assemblage terminé. Matrice creuse construite: taille (163550, 163550) avec 1144684 éléments non-nuls.
[2026-04-29 19:03:07] [INFO    ] [core.time_integration] Mouvement significatif des barres détecté (pos=0.3308). Re-calcul de la physique et factorisation LU...
[2026-04-29 19:03:07] [DEBUG   ] [physics.materials] Calcul des propriétés matériaux. rod_insertion=0.3307820863667064
[2026-04-29 19:03:07] [DEBUG   ] [physics.materials] Utilisation du user_mapping: {'Fuel': 'Fuel_Uranium', 'Moderator': 'HeavyWater_Moderator', 'Reflector': 'Graphite_Moderator', 'ControlRods': 'Boral_ControlRod'}
[2026-04-29 19:03:07] [DEBUG   ] [physics.materials] Propriétés des matériaux appliquées avec succès sur tout le maillage.
[2026-04-29 19:03:07] [DEBUG   ] [core.assembly] Début de l'assemblage (Masse/Réaction) pour 327018 éléments...
[2026-04-29 19:03:07] [DEBUG   ] [core.assembly] Assemblage terminé. Matrice creuse construite: taille (163550, 163550) avec 1144684 éléments non-nuls.
[2026-04-29 19:03:08] [DEBUG   ] [core.time_integration] Progression de l'intégration : Étape 20/100
[2026-04-29 19:03:08] [INFO    ] [core.time_integration] Mouvement significatif des barres détecté (pos=0.3488). Re-calcul de la physique et factorisation LU...
[2026-04-29 19:03:08] [DEBUG   ] [physics.materials] Calcul des propriétés matériaux. rod_insertion=0.34875690221217853
[2026-04-29 19:03:08] [DEBUG   ] [physics.materials] Utilisation du user_mapping: {'Fuel': 'Fuel_Uranium', 'Moderator': 'HeavyWater_Moderator', 'Reflector': 'Graphite_Moderator', 'ControlRods': 'Boral_ControlRod'}
[2026-04-29 19:03:08] [DEBUG   ] [physics.materials] Propriétés des matériaux appliquées avec succès sur tout le maillage.
[2026-04-29 19:03:08] [DEBUG   ] [core.assembly] Début de l'assemblage (Masse/Réaction) pour 327018 éléments...
[2026-04-29 19:03:09] [DEBUG   ] [core.assembly] Assemblage terminé. Matrice creuse construite: taille (163550, 163550) avec 1144684 éléments non-nuls.
[2026-04-29 19:03:10] [INFO    ] [core.time_integration] Mouvement significatif des barres détecté (pos=0.3668). Re-calcul de la physique et factorisation LU...
[2026-04-29 19:03:10] [DEBUG   ] [physics.materials] Calcul des propriétés matériaux. rod_insertion=0.36677672133567457
[2026-04-29 19:03:10] [DEBUG   ] [physics.materials] Utilisation du user_mapping: {'Fuel': 'Fuel_Uranium', 'Moderator': 'HeavyWater_Moderator', 'Reflector': 'Graphite_Moderator', 'ControlRods': 'Boral_ControlRod'}
[2026-04-29 19:03:10] [DEBUG   ] [physics.materials] Propriétés des matériaux appliquées avec succès sur tout le maillage.
[2026-04-29 19:03:10] [DEBUG   ] [core.assembly] Début de l'assemblage (Masse/Réaction) pour 327018 éléments...
[2026-04-29 19:03:10] [DEBUG   ] [core.assembly] Assemblage terminé. Matrice creuse construite: taille (163550, 163550) avec 1144684 éléments non-nuls.
[2026-04-29 19:03:12] [INFO    ] [core.time_integration] Mouvement significatif des barres détecté (pos=0.3848). Re-calcul de la physique et factorisation LU...
[2026-04-29 19:03:12] [DEBUG   ] [physics.materials] Calcul des propriétés matériaux. rod_insertion=0.3848079743764593
[2026-04-29 19:03:12] [DEBUG   ] [physics.materials] Utilisation du user_mapping: {'Fuel': 'Fuel_Uranium', 'Moderator': 'HeavyWater_Moderator', 'Reflector': 'Graphite_Moderator', 'ControlRods': 'Boral_ControlRod'}
[2026-04-29 19:03:12] [DEBUG   ] [physics.materials] Propriétés des matériaux appliquées avec succès sur tout le maillage.
[2026-04-29 19:03:12] [DEBUG   ] [core.assembly] Début de l'assemblage (Masse/Réaction) pour 327018 éléments...
[2026-04-29 19:03:12] [DEBUG   ] [core.assembly] Assemblage terminé. Matrice creuse construite: taille (163550, 163550) avec 1144684 éléments non-nuls.
[2026-04-29 19:03:14] [INFO    ] [core.time_integration] Mouvement significatif des barres détecté (pos=0.4028). Re-calcul de la physique et factorisation LU...
[2026-04-29 19:03:14] [DEBUG   ] [physics.materials] Calcul des propriétés matériaux. rod_insertion=0.40281669901149364
[2026-04-29 19:03:14] [DEBUG   ] [physics.materials] Utilisation du user_mapping: {'Fuel': 'Fuel_Uranium', 'Moderator': 'HeavyWater_Moderator', 'Reflector': 'Graphite_Moderator', 'ControlRods': 'Boral_ControlRod'}
[2026-04-29 19:03:14] [DEBUG   ] [physics.materials] Propriétés des matériaux appliquées avec succès sur tout le maillage.
[2026-04-29 19:03:14] [DEBUG   ] [core.assembly] Début de l'assemblage (Masse/Réaction) pour 327018 éléments...
[2026-04-29 19:03:14] [DEBUG   ] [core.assembly] Assemblage terminé. Matrice creuse construite: taille (163550, 163550) avec 1144684 éléments non-nuls.
[2026-04-29 19:03:16] [INFO    ] [core.time_integration] Mouvement significatif des barres détecté (pos=0.4208). Re-calcul de la physique et factorisation LU...
[2026-04-29 19:03:16] [DEBUG   ] [physics.materials] Calcul des propriétés matériaux. rod_insertion=0.4207685761888271
[2026-04-29 19:03:16] [DEBUG   ] [physics.materials] Utilisation du user_mapping: {'Fuel': 'Fuel_Uranium', 'Moderator': 'HeavyWater_Moderator', 'Reflector': 'Graphite_Moderator', 'ControlRods': 'Boral_ControlRod'}
[2026-04-29 19:03:16] [DEBUG   ] [physics.materials] Propriétés des matériaux appliquées avec succès sur tout le maillage.
[2026-04-29 19:03:16] [DEBUG   ] [core.assembly] Début de l'assemblage (Masse/Réaction) pour 327018 éléments...
[2026-04-29 19:03:16] [DEBUG   ] [core.assembly] Assemblage terminé. Matrice creuse construite: taille (163550, 163550) avec 1144684 éléments non-nuls.
[2026-04-29 19:03:18] [INFO    ] [core.time_integration] Mouvement significatif des barres détecté (pos=0.4386). Re-calcul de la physique et factorisation LU...
[2026-04-29 19:03:18] [DEBUG   ] [physics.materials] Calcul des propriétés matériaux. rod_insertion=0.43862896558834163
[2026-04-29 19:03:18] [DEBUG   ] [physics.materials] Utilisation du user_mapping: {'Fuel': 'Fuel_Uranium', 'Moderator': 'HeavyWater_Moderator', 'Reflector': 'Graphite_Moderator', 'ControlRods': 'Boral_ControlRod'}
[2026-04-29 19:03:18] [DEBUG   ] [physics.materials] Propriétés des matériaux appliquées avec succès sur tout le maillage.
[2026-04-29 19:03:18] [DEBUG   ] [core.assembly] Début de l'assemblage (Masse/Réaction) pour 327018 éléments...
[2026-04-29 19:03:18] [DEBUG   ] [core.assembly] Assemblage terminé. Matrice creuse construite: taille (163550, 163550) avec 1144684 éléments non-nuls.
[2026-04-29 19:03:20] [INFO    ] [core.time_integration] Mouvement significatif des barres détecté (pos=0.4564). Re-calcul de la physique et factorisation LU...
[2026-04-29 19:03:20] [DEBUG   ] [physics.materials] Calcul des propriétés matériaux. rod_insertion=0.4563629402643363
[2026-04-29 19:03:20] [DEBUG   ] [physics.materials] Utilisation du user_mapping: {'Fuel': 'Fuel_Uranium', 'Moderator': 'HeavyWater_Moderator', 'Reflector': 'Graphite_Moderator', 'ControlRods': 'Boral_ControlRod'}
[2026-04-29 19:03:20] [DEBUG   ] [physics.materials] Propriétés des matériaux appliquées avec succès sur tout le maillage.
[2026-04-29 19:03:20] [DEBUG   ] [core.assembly] Début de l'assemblage (Masse/Réaction) pour 327018 éléments...
[2026-04-29 19:03:20] [DEBUG   ] [core.assembly] Assemblage terminé. Matrice creuse construite: taille (163550, 163550) avec 1144684 éléments non-nuls.
[2026-04-29 19:03:21] [INFO    ] [core.time_integration] Mouvement significatif des barres détecté (pos=0.4739). Re-calcul de la physique et factorisation LU...
[2026-04-29 19:03:21] [DEBUG   ] [physics.materials] Calcul des propriétés matériaux. rod_insertion=0.47393532044126246
[2026-04-29 19:03:21] [DEBUG   ] [physics.materials] Utilisation du user_mapping: {'Fuel': 'Fuel_Uranium', 'Moderator': 'HeavyWater_Moderator', 'Reflector': 'Graphite_Moderator', 'ControlRods': 'Boral_ControlRod'}
[2026-04-29 19:03:21] [DEBUG   ] [physics.materials] Propriétés des matériaux appliquées avec succès sur tout le maillage.
[2026-04-29 19:03:21] [DEBUG   ] [core.assembly] Début de l'assemblage (Masse/Réaction) pour 327018 éléments...
[2026-04-29 19:03:22] [DEBUG   ] [core.assembly] Assemblage terminé. Matrice creuse construite: taille (163550, 163550) avec 1144684 éléments non-nuls.
[2026-04-29 19:03:23] [INFO    ] [core.time_integration] Mouvement significatif des barres détecté (pos=0.4913). Re-calcul de la physique et factorisation LU...
[2026-04-29 19:03:23] [DEBUG   ] [physics.materials] Calcul des propriétés matériaux. rod_insertion=0.4913107064485868
[2026-04-29 19:03:23] [DEBUG   ] [physics.materials] Utilisation du user_mapping: {'Fuel': 'Fuel_Uranium', 'Moderator': 'HeavyWater_Moderator', 'Reflector': 'Graphite_Moderator', 'ControlRods': 'Boral_ControlRod'}
[2026-04-29 19:03:23] [DEBUG   ] [physics.materials] Propriétés des matériaux appliquées avec succès sur tout le maillage.
[2026-04-29 19:03:23] [DEBUG   ] [core.assembly] Début de l'assemblage (Masse/Réaction) pour 327018 éléments...
[2026-04-29 19:03:24] [DEBUG   ] [core.assembly] Assemblage terminé. Matrice creuse construite: taille (163550, 163550) avec 1144684 éléments non-nuls.
[2026-04-29 19:03:25] [INFO    ] [core.time_integration] Mouvement significatif des barres détecté (pos=0.5085). Re-calcul de la physique et factorisation LU...
[2026-04-29 19:03:25] [DEBUG   ] [physics.materials] Calcul des propriétés matériaux. rod_insertion=0.5084535107932748
[2026-04-29 19:03:25] [DEBUG   ] [physics.materials] Utilisation du user_mapping: {'Fuel': 'Fuel_Uranium', 'Moderator': 'HeavyWater_Moderator', 'Reflector': 'Graphite_Moderator', 'ControlRods': 'Boral_ControlRod'}
[2026-04-29 19:03:25] [DEBUG   ] [physics.materials] Propriétés des matériaux appliquées avec succès sur tout le maillage.
[2026-04-29 19:03:25] [DEBUG   ] [core.assembly] Début de l'assemblage (Masse/Réaction) pour 327018 éléments...
[2026-04-29 19:03:25] [DEBUG   ] [core.assembly] Assemblage terminé. Matrice creuse construite: taille (163550, 163550) avec 1144684 éléments non-nuls.
[2026-04-29 19:03:27] [DEBUG   ] [core.time_integration] Progression de l'intégration : Étape 30/100
[2026-04-29 19:03:27] [INFO    ] [core.time_integration] Mouvement significatif des barres détecté (pos=0.5253). Re-calcul de la physique et factorisation LU...
[2026-04-29 19:03:27] [DEBUG   ] [physics.materials] Calcul des propriétés matériaux. rod_insertion=0.5253279893790518
[2026-04-29 19:03:27] [DEBUG   ] [physics.materials] Utilisation du user_mapping: {'Fuel': 'Fuel_Uranium', 'Moderator': 'HeavyWater_Moderator', 'Reflector': 'Graphite_Moderator', 'ControlRods': 'Boral_ControlRod'}
[2026-04-29 19:03:27] [DEBUG   ] [physics.materials] Propriétés des matériaux appliquées avec succès sur tout le maillage.
[2026-04-29 19:03:27] [DEBUG   ] [core.assembly] Début de l'assemblage (Masse/Réaction) pour 327018 éléments...
[2026-04-29 19:03:27] [DEBUG   ] [core.assembly] Assemblage terminé. Matrice creuse construite: taille (163550, 163550) avec 1144684 éléments non-nuls.
[2026-04-29 19:03:29] [INFO    ] [core.time_integration] Mouvement significatif des barres détecté (pos=0.5419). Re-calcul de la physique et factorisation LU...
[2026-04-29 19:03:29] [DEBUG   ] [physics.materials] Calcul des propriétés matériaux. rod_insertion=0.5418982718908293
[2026-04-29 19:03:29] [DEBUG   ] [physics.materials] Utilisation du user_mapping: {'Fuel': 'Fuel_Uranium', 'Moderator': 'HeavyWater_Moderator', 'Reflector': 'Graphite_Moderator', 'ControlRods': 'Boral_ControlRod'}
[2026-04-29 19:03:29] [DEBUG   ] [physics.materials] Propriétés des matériaux appliquées avec succès sur tout le maillage.
[2026-04-29 19:03:29] [DEBUG   ] [core.assembly] Début de l'assemblage (Masse/Réaction) pour 327018 éléments...
[2026-04-29 19:03:29] [DEBUG   ] [core.assembly] Assemblage terminé. Matrice creuse construite: taille (163550, 163550) avec 1144684 éléments non-nuls.
[2026-04-29 19:03:31] [INFO    ] [core.time_integration] Mouvement significatif des barres détecté (pos=0.5581). Re-calcul de la physique et factorisation LU...
[2026-04-29 19:03:31] [DEBUG   ] [physics.materials] Calcul des propriétés matériaux. rod_insertion=0.5581283913708222
[2026-04-29 19:03:31] [DEBUG   ] [physics.materials] Utilisation du user_mapping: {'Fuel': 'Fuel_Uranium', 'Moderator': 'HeavyWater_Moderator', 'Reflector': 'Graphite_Moderator', 'ControlRods': 'Boral_ControlRod'}
[2026-04-29 19:03:31] [DEBUG   ] [physics.materials] Propriétés des matériaux appliquées avec succès sur tout le maillage.
[2026-04-29 19:03:31] [DEBUG   ] [core.assembly] Début de l'assemblage (Masse/Réaction) pour 327018 éléments...
[2026-04-29 19:03:31] [DEBUG   ] [core.assembly] Assemblage terminé. Matrice creuse construite: taille (163550, 163550) avec 1144684 éléments non-nuls.
[2026-04-29 19:03:33] [INFO    ] [core.time_integration] Mouvement significatif des barres détecté (pos=0.5740). Re-calcul de la physique et factorisation LU...
[2026-04-29 19:03:33] [DEBUG   ] [physics.materials] Calcul des propriétés matériaux. rod_insertion=0.5739823130202033
[2026-04-29 19:03:33] [DEBUG   ] [physics.materials] Utilisation du user_mapping: {'Fuel': 'Fuel_Uranium', 'Moderator': 'HeavyWater_Moderator', 'Reflector': 'Graphite_Moderator', 'ControlRods': 'Boral_ControlRod'}
[2026-04-29 19:03:33] [DEBUG   ] [physics.materials] Propriétés des matériaux appliquées avec succès sur tout le maillage.
[2026-04-29 19:03:33] [DEBUG   ] [core.assembly] Début de l'assemblage (Masse/Réaction) pour 327018 éléments...
[2026-04-29 19:03:33] [DEBUG   ] [core.assembly] Assemblage terminé. Matrice creuse construite: taille (163550, 163550) avec 1144684 éléments non-nuls.
[2026-04-29 19:03:34] [INFO    ] [core.time_integration] Mouvement significatif des barres détecté (pos=0.5894). Re-calcul de la physique et factorisation LU...
[2026-04-29 19:03:34] [DEBUG   ] [physics.materials] Calcul des propriétés matériaux. rod_insertion=0.5894239622668408
[2026-04-29 19:03:34] [DEBUG   ] [physics.materials] Utilisation du user_mapping: {'Fuel': 'Fuel_Uranium', 'Moderator': 'HeavyWater_Moderator', 'Reflector': 'Graphite_Moderator', 'ControlRods': 'Boral_ControlRod'}
[2026-04-29 19:03:35] [DEBUG   ] [physics.materials] Propriétés des matériaux appliquées avec succès sur tout le maillage.
[2026-04-29 19:03:35] [DEBUG   ] [core.assembly] Début de l'assemblage (Masse/Réaction) pour 327018 éléments...
[2026-04-29 19:03:35] [DEBUG   ] [core.assembly] Assemblage terminé. Matrice creuse construite: taille (163550, 163550) avec 1144684 éléments non-nuls.
[2026-04-29 19:03:36] [INFO    ] [core.time_integration] Mouvement significatif des barres détecté (pos=0.6044). Re-calcul de la physique et factorisation LU...
[2026-04-29 19:03:36] [DEBUG   ] [physics.materials] Calcul des propriétés matériaux. rod_insertion=0.6044172521458496
[2026-04-29 19:03:36] [DEBUG   ] [physics.materials] Utilisation du user_mapping: {'Fuel': 'Fuel_Uranium', 'Moderator': 'HeavyWater_Moderator', 'Reflector': 'Graphite_Moderator', 'ControlRods': 'Boral_ControlRod'}
[2026-04-29 19:03:36] [DEBUG   ] [physics.materials] Propriétés des matériaux appliquées avec succès sur tout le maillage.
[2026-04-29 19:03:36] [DEBUG   ] [core.assembly] Début de l'assemblage (Masse/Réaction) pour 327018 éléments...
[2026-04-29 19:03:37] [DEBUG   ] [core.assembly] Assemblage terminé. Matrice creuse construite: taille (163550, 163550) avec 1144684 éléments non-nuls.
[2026-04-29 19:03:38] [INFO    ] [core.time_integration] Mouvement significatif des barres détecté (pos=0.6189). Re-calcul de la physique et factorisation LU...
[2026-04-29 19:03:38] [DEBUG   ] [physics.materials] Calcul des propriétés matériaux. rod_insertion=0.6189261100454528
[2026-04-29 19:03:38] [DEBUG   ] [physics.materials] Utilisation du user_mapping: {'Fuel': 'Fuel_Uranium', 'Moderator': 'HeavyWater_Moderator', 'Reflector': 'Graphite_Moderator', 'ControlRods': 'Boral_ControlRod'}
[2026-04-29 19:03:38] [DEBUG   ] [physics.materials] Propriétés des matériaux appliquées avec succès sur tout le maillage.
[2026-04-29 19:03:38] [DEBUG   ] [core.assembly] Début de l'assemblage (Masse/Réaction) pour 327018 éléments...
[2026-04-29 19:03:38] [DEBUG   ] [core.assembly] Assemblage terminé. Matrice creuse construite: taille (163550, 163550) avec 1144684 éléments non-nuls.
[2026-04-29 19:03:40] [INFO    ] [core.time_integration] Mouvement significatif des barres détecté (pos=0.6329). Re-calcul de la physique et factorisation LU...
[2026-04-29 19:03:40] [DEBUG   ] [physics.materials] Calcul des propriétés matériaux. rod_insertion=0.6329145038760117
[2026-04-29 19:03:40] [DEBUG   ] [physics.materials] Utilisation du user_mapping: {'Fuel': 'Fuel_Uranium', 'Moderator': 'HeavyWater_Moderator', 'Reflector': 'Graphite_Moderator', 'ControlRods': 'Boral_ControlRod'}
[2026-04-29 19:03:40] [DEBUG   ] [physics.materials] Propriétés des matériaux appliquées avec succès sur tout le maillage.
[2026-04-29 19:03:40] [DEBUG   ] [core.assembly] Début de l'assemblage (Masse/Réaction) pour 327018 éléments...
[2026-04-29 19:03:40] [DEBUG   ] [core.assembly] Assemblage terminé. Matrice creuse construite: taille (163550, 163550) avec 1144684 éléments non-nuls.
[2026-04-29 19:03:42] [INFO    ] [core.time_integration] Mouvement significatif des barres détecté (pos=0.6463). Re-calcul de la physique et factorisation LU...
[2026-04-29 19:03:42] [DEBUG   ] [physics.materials] Calcul des propriétés matériaux. rod_insertion=0.6463464677250914
[2026-04-29 19:03:42] [DEBUG   ] [physics.materials] Utilisation du user_mapping: {'Fuel': 'Fuel_Uranium', 'Moderator': 'HeavyWater_Moderator', 'Reflector': 'Graphite_Moderator', 'ControlRods': 'Boral_ControlRod'}
[2026-04-29 19:03:42] [DEBUG   ] [physics.materials] Propriétés des matériaux appliquées avec succès sur tout le maillage.
[2026-04-29 19:03:42] [DEBUG   ] [core.assembly] Début de l'assemblage (Masse/Réaction) pour 327018 éléments...
[2026-04-29 19:03:42] [DEBUG   ] [core.assembly] Assemblage terminé. Matrice creuse construite: taille (163550, 163550) avec 1144684 éléments non-nuls.
[2026-04-29 19:03:44] [INFO    ] [core.time_integration] Mouvement significatif des barres détecté (pos=0.6592). Re-calcul de la physique et factorisation LU...
[2026-04-29 19:03:44] [DEBUG   ] [physics.materials] Calcul des propriétés matériaux. rod_insertion=0.6591861270660836
[2026-04-29 19:03:44] [DEBUG   ] [physics.materials] Utilisation du user_mapping: {'Fuel': 'Fuel_Uranium', 'Moderator': 'HeavyWater_Moderator', 'Reflector': 'Graphite_Moderator', 'ControlRods': 'Boral_ControlRod'}
[2026-04-29 19:03:44] [DEBUG   ] [physics.materials] Propriétés des matériaux appliquées avec succès sur tout le maillage.
[2026-04-29 19:03:44] [DEBUG   ] [core.assembly] Début de l'assemblage (Masse/Réaction) pour 327018 éléments...
[2026-04-29 19:03:44] [DEBUG   ] [core.assembly] Assemblage terminé. Matrice creuse construite: taille (163550, 163550) avec 1144684 éléments non-nuls.
[2026-04-29 19:03:46] [DEBUG   ] [core.time_integration] Progression de l'intégration : Étape 40/100
[2026-04-29 19:03:46] [INFO    ] [core.time_integration] Mouvement significatif des barres détecté (pos=0.6714). Re-calcul de la physique et factorisation LU...
[2026-04-29 19:03:46] [DEBUG   ] [physics.materials] Calcul des propriétés matériaux. rod_insertion=0.6713977235922421
[2026-04-29 19:03:46] [DEBUG   ] [physics.materials] Utilisation du user_mapping: {'Fuel': 'Fuel_Uranium', 'Moderator': 'HeavyWater_Moderator', 'Reflector': 'Graphite_Moderator', 'ControlRods': 'Boral_ControlRod'}
[2026-04-29 19:03:46] [DEBUG   ] [physics.materials] Propriétés des matériaux appliquées avec succès sur tout le maillage.
[2026-04-29 19:03:46] [DEBUG   ] [core.assembly] Début de l'assemblage (Masse/Réaction) pour 327018 éléments...
[2026-04-29 19:03:46] [DEBUG   ] [core.assembly] Assemblage terminé. Matrice creuse construite: taille (163550, 163550) avec 1144684 éléments non-nuls.
[2026-04-29 19:03:48] [INFO    ] [core.time_integration] Mouvement significatif des barres détecté (pos=0.6829). Re-calcul de la physique et factorisation LU...
[2026-04-29 19:03:48] [DEBUG   ] [physics.materials] Calcul des propriétés matériaux. rod_insertion=0.6829456397520218
[2026-04-29 19:03:48] [DEBUG   ] [physics.materials] Utilisation du user_mapping: {'Fuel': 'Fuel_Uranium', 'Moderator': 'HeavyWater_Moderator', 'Reflector': 'Graphite_Moderator', 'ControlRods': 'Boral_ControlRod'}
[2026-04-29 19:03:48] [DEBUG   ] [physics.materials] Propriétés des matériaux appliquées avec succès sur tout le maillage.
[2026-04-29 19:03:48] [DEBUG   ] [core.assembly] Début de l'assemblage (Masse/Réaction) pour 327018 éléments...
[2026-04-29 19:03:48] [DEBUG   ] [core.assembly] Assemblage terminé. Matrice creuse construite: taille (163550, 163550) avec 1144684 éléments non-nuls.
[2026-04-29 19:03:50] [INFO    ] [core.time_integration] Mouvement significatif des barres détecté (pos=0.6938). Re-calcul de la physique et factorisation LU...
[2026-04-29 19:03:50] [DEBUG   ] [physics.materials] Calcul des propriétés matériaux. rod_insertion=0.6937944230653835
[2026-04-29 19:03:50] [DEBUG   ] [physics.materials] Utilisation du user_mapping: {'Fuel': 'Fuel_Uranium', 'Moderator': 'HeavyWater_Moderator', 'Reflector': 'Graphite_Moderator', 'ControlRods': 'Boral_ControlRod'}
[2026-04-29 19:03:50] [DEBUG   ] [physics.materials] Propriétés des matériaux appliquées avec succès sur tout le maillage.
[2026-04-29 19:03:50] [DEBUG   ] [core.assembly] Début de l'assemblage (Masse/Réaction) pour 327018 éléments...
[2026-04-29 19:03:50] [DEBUG   ] [core.assembly] Assemblage terminé. Matrice creuse construite: taille (163550, 163550) avec 1144684 éléments non-nuls.
[2026-04-29 19:03:51] [INFO    ] [core.time_integration] Mouvement significatif des barres détecté (pos=0.7039). Re-calcul de la physique et factorisation LU...
[2026-04-29 19:03:51] [DEBUG   ] [physics.materials] Calcul des propriétés matériaux. rod_insertion=0.7039088103042863
[2026-04-29 19:03:51] [DEBUG   ] [physics.materials] Utilisation du user_mapping: {'Fuel': 'Fuel_Uranium', 'Moderator': 'HeavyWater_Moderator', 'Reflector': 'Graphite_Moderator', 'ControlRods': 'Boral_ControlRod'}
[2026-04-29 19:03:51] [DEBUG   ] [physics.materials] Propriétés des matériaux appliquées avec succès sur tout le maillage.
[2026-04-29 19:03:51] [DEBUG   ] [core.assembly] Début de l'assemblage (Masse/Réaction) pour 327018 éléments...
[2026-04-29 19:03:52] [DEBUG   ] [core.assembly] Assemblage terminé. Matrice creuse construite: taille (163550, 163550) avec 1144684 éléments non-nuls.
[2026-04-29 19:03:53] [INFO    ] [core.time_integration] Mouvement significatif des barres détecté (pos=0.7133). Re-calcul de la physique et factorisation LU...
[2026-04-29 19:03:53] [DEBUG   ] [physics.materials] Calcul des propriétés matériaux. rod_insertion=0.713253751623989
[2026-04-29 19:03:53] [DEBUG   ] [physics.materials] Utilisation du user_mapping: {'Fuel': 'Fuel_Uranium', 'Moderator': 'HeavyWater_Moderator', 'Reflector': 'Graphite_Moderator', 'ControlRods': 'Boral_ControlRod'}
[2026-04-29 19:03:53] [DEBUG   ] [physics.materials] Propriétés des matériaux appliquées avec succès sur tout le maillage.
[2026-04-29 19:03:53] [DEBUG   ] [core.assembly] Début de l'assemblage (Masse/Réaction) pour 327018 éléments...
[2026-04-29 19:03:54] [DEBUG   ] [core.assembly] Assemblage terminé. Matrice creuse construite: taille (163550, 163550) avec 1144684 éléments non-nuls.
[2026-04-29 19:03:55] [INFO    ] [core.time_integration] Mouvement significatif des barres détecté (pos=0.7218). Re-calcul de la physique et factorisation LU...
[2026-04-29 19:03:55] [DEBUG   ] [physics.materials] Calcul des propriétés matériaux. rod_insertion=0.7217944347350871
[2026-04-29 19:03:55] [DEBUG   ] [physics.materials] Utilisation du user_mapping: {'Fuel': 'Fuel_Uranium', 'Moderator': 'HeavyWater_Moderator', 'Reflector': 'Graphite_Moderator', 'ControlRods': 'Boral_ControlRod'}
[2026-04-29 19:03:55] [DEBUG   ] [physics.materials] Propriétés des matériaux appliquées avec succès sur tout le maillage.
[2026-04-29 19:03:55] [DEBUG   ] [core.assembly] Début de l'assemblage (Masse/Réaction) pour 327018 éléments...
[2026-04-29 19:03:55] [DEBUG   ] [core.assembly] Assemblage terminé. Matrice creuse construite: taille (163550, 163550) avec 1144684 éléments non-nuls.
[2026-04-29 19:03:56] [INFO    ] [core.time_integration] Mouvement significatif des barres détecté (pos=0.7295). Re-calcul de la physique et factorisation LU...
[2026-04-29 19:03:56] [DEBUG   ] [physics.materials] Calcul des propriétés matériaux. rod_insertion=0.7294963092095077
[2026-04-29 19:03:56] [DEBUG   ] [physics.materials] Utilisation du user_mapping: {'Fuel': 'Fuel_Uranium', 'Moderator': 'HeavyWater_Moderator', 'Reflector': 'Graphite_Moderator', 'ControlRods': 'Boral_ControlRod'}
[2026-04-29 19:03:56] [DEBUG   ] [physics.materials] Propriétés des matériaux appliquées avec succès sur tout le maillage.
[2026-04-29 19:03:56] [DEBUG   ] [core.assembly] Début de l'assemblage (Masse/Réaction) pour 327018 éléments...
[2026-04-29 19:03:57] [DEBUG   ] [core.assembly] Assemblage terminé. Matrice creuse construite: taille (163550, 163550) avec 1144684 éléments non-nuls.
[2026-04-29 19:03:58] [INFO    ] [core.time_integration] Mouvement significatif des barres détecté (pos=0.7363). Re-calcul de la physique et factorisation LU...
[2026-04-29 19:03:58] [DEBUG   ] [physics.materials] Calcul des propriétés matériaux. rod_insertion=0.736325111017037
[2026-04-29 19:03:58] [DEBUG   ] [physics.materials] Utilisation du user_mapping: {'Fuel': 'Fuel_Uranium', 'Moderator': 'HeavyWater_Moderator', 'Reflector': 'Graphite_Moderator', 'ControlRods': 'Boral_ControlRod'}
[2026-04-29 19:03:58] [DEBUG   ] [physics.materials] Propriétés des matériaux appliquées avec succès sur tout le maillage.
[2026-04-29 19:03:58] [DEBUG   ] [core.assembly] Début de l'assemblage (Masse/Réaction) pour 327018 éléments...
[2026-04-29 19:03:58] [DEBUG   ] [core.assembly] Assemblage terminé. Matrice creuse construite: taille (163550, 163550) avec 1144684 éléments non-nuls.
[2026-04-29 19:04:00] [INFO    ] [core.time_integration] Mouvement significatif des barres détecté (pos=0.7422). Re-calcul de la physique et factorisation LU...
[2026-04-29 19:04:00] [DEBUG   ] [physics.materials] Calcul des propriétés matériaux. rod_insertion=0.7422468873924681
[2026-04-29 19:04:00] [DEBUG   ] [physics.materials] Utilisation du user_mapping: {'Fuel': 'Fuel_Uranium', 'Moderator': 'HeavyWater_Moderator', 'Reflector': 'Graphite_Moderator', 'ControlRods': 'Boral_ControlRod'}
[2026-04-29 19:04:00] [DEBUG   ] [physics.materials] Propriétés des matériaux appliquées avec succès sur tout le maillage.
[2026-04-29 19:04:00] [DEBUG   ] [core.assembly] Début de l'assemblage (Masse/Réaction) pour 327018 éléments...
[2026-04-29 19:04:00] [DEBUG   ] [core.assembly] Assemblage terminé. Matrice creuse construite: taille (163550, 163550) avec 1144684 éléments non-nuls.
[2026-04-29 19:04:01] [INFO    ] [core.time_integration] Mouvement significatif des barres détecté (pos=0.7472). Re-calcul de la physique et factorisation LU...
[2026-04-29 19:04:01] [DEBUG   ] [physics.materials] Calcul des propriétés matériaux. rod_insertion=0.7472280221372143
[2026-04-29 19:04:01] [DEBUG   ] [physics.materials] Utilisation du user_mapping: {'Fuel': 'Fuel_Uranium', 'Moderator': 'HeavyWater_Moderator', 'Reflector': 'Graphite_Moderator', 'ControlRods': 'Boral_ControlRod'}
[2026-04-29 19:04:01] [DEBUG   ] [physics.materials] Propriétés des matériaux appliquées avec succès sur tout le maillage.
[2026-04-29 19:04:01] [DEBUG   ] [core.assembly] Début de l'assemblage (Masse/Réaction) pour 327018 éléments...
[2026-04-29 19:04:02] [DEBUG   ] [core.assembly] Assemblage terminé. Matrice creuse construite: taille (163550, 163550) avec 1144684 éléments non-nuls.
[2026-04-29 19:04:03] [DEBUG   ] [core.time_integration] Progression de l'intégration : Étape 50/100
[2026-04-29 19:04:03] [INFO    ] [core.time_integration] Mouvement significatif des barres détecté (pos=0.7512). Re-calcul de la physique et factorisation LU...
[2026-04-29 19:04:03] [DEBUG   ] [physics.materials] Calcul des propriétés matériaux. rod_insertion=0.751235261463335
[2026-04-29 19:04:03] [DEBUG   ] [physics.materials] Utilisation du user_mapping: {'Fuel': 'Fuel_Uranium', 'Moderator': 'HeavyWater_Moderator', 'Reflector': 'Graphite_Moderator', 'ControlRods': 'Boral_ControlRod'}
[2026-04-29 19:04:03] [DEBUG   ] [physics.materials] Propriétés des matériaux appliquées avec succès sur tout le maillage.
[2026-04-29 19:04:03] [DEBUG   ] [core.assembly] Début de l'assemblage (Masse/Réaction) pour 327018 éléments...
[2026-04-29 19:04:03] [DEBUG   ] [core.assembly] Assemblage terminé. Matrice creuse construite: taille (163550, 163550) avec 1144684 éléments non-nuls.
[2026-04-29 19:04:04] [INFO    ] [core.time_integration] Mouvement significatif des barres détecté (pos=0.7542). Re-calcul de la physique et factorisation LU...
[2026-04-29 19:04:04] [DEBUG   ] [physics.materials] Calcul des propriétés matériaux. rod_insertion=0.75423574049247
[2026-04-29 19:04:04] [DEBUG   ] [physics.materials] Utilisation du user_mapping: {'Fuel': 'Fuel_Uranium', 'Moderator': 'HeavyWater_Moderator', 'Reflector': 'Graphite_Moderator', 'ControlRods': 'Boral_ControlRod'}
[2026-04-29 19:04:04] [DEBUG   ] [physics.materials] Propriétés des matériaux appliquées avec succès sur tout le maillage.
[2026-04-29 19:04:04] [DEBUG   ] [core.assembly] Début de l'assemblage (Masse/Réaction) pour 327018 éléments...
[2026-04-29 19:04:04] [DEBUG   ] [core.assembly] Assemblage terminé. Matrice creuse construite: taille (163550, 163550) avec 1144684 éléments non-nuls.
[2026-04-29 19:04:06] [INFO    ] [core.time_integration] Mouvement significatif des barres détecté (pos=0.7562). Re-calcul de la physique et factorisation LU...
[2026-04-29 19:04:06] [DEBUG   ] [physics.materials] Calcul des propriétés matériaux. rod_insertion=0.7561970105272717
[2026-04-29 19:04:06] [DEBUG   ] [physics.materials] Utilisation du user_mapping: {'Fuel': 'Fuel_Uranium', 'Moderator': 'HeavyWater_Moderator', 'Reflector': 'Graphite_Moderator', 'ControlRods': 'Boral_ControlRod'}
[2026-04-29 19:04:06] [DEBUG   ] [physics.materials] Propriétés des matériaux appliquées avec succès sur tout le maillage.
[2026-04-29 19:04:06] [DEBUG   ] [core.assembly] Début de l'assemblage (Masse/Réaction) pour 327018 éléments...
[2026-04-29 19:04:06] [DEBUG   ] [core.assembly] Assemblage terminé. Matrice creuse construite: taille (163550, 163550) avec 1144684 éléments non-nuls.
[2026-04-29 19:04:08] [INFO    ] [core.time_integration] Mouvement significatif des barres détecté (pos=0.7530). Re-calcul de la physique et factorisation LU...
[2026-04-29 19:04:08] [DEBUG   ] [physics.materials] Calcul des propriétés matériaux. rod_insertion=0.7530206600035608
[2026-04-29 19:04:08] [DEBUG   ] [physics.materials] Utilisation du user_mapping: {'Fuel': 'Fuel_Uranium', 'Moderator': 'HeavyWater_Moderator', 'Reflector': 'Graphite_Moderator', 'ControlRods': 'Boral_ControlRod'}
[2026-04-29 19:04:08] [DEBUG   ] [physics.materials] Propriétés des matériaux appliquées avec succès sur tout le maillage.
[2026-04-29 19:04:08] [DEBUG   ] [core.assembly] Début de l'assemblage (Masse/Réaction) pour 327018 éléments...
[2026-04-29 19:04:08] [DEBUG   ] [core.assembly] Assemblage terminé. Matrice creuse construite: taille (163550, 163550) avec 1144684 éléments non-nuls.
[2026-04-29 19:04:09] [INFO    ] [core.time_integration] Mouvement significatif des barres détecté (pos=0.7493). Re-calcul de la physique et factorisation LU...
[2026-04-29 19:04:09] [DEBUG   ] [physics.materials] Calcul des propriétés matériaux. rod_insertion=0.7493161967508002
[2026-04-29 19:04:09] [DEBUG   ] [physics.materials] Utilisation du user_mapping: {'Fuel': 'Fuel_Uranium', 'Moderator': 'HeavyWater_Moderator', 'Reflector': 'Graphite_Moderator', 'ControlRods': 'Boral_ControlRod'}
[2026-04-29 19:04:09] [DEBUG   ] [physics.materials] Propriétés des matériaux appliquées avec succès sur tout le maillage.
[2026-04-29 19:04:09] [DEBUG   ] [core.assembly] Début de l'assemblage (Masse/Réaction) pour 327018 éléments...
[2026-04-29 19:04:10] [DEBUG   ] [core.assembly] Assemblage terminé. Matrice creuse construite: taille (163550, 163550) avec 1144684 éléments non-nuls.
[2026-04-29 19:04:11] [INFO    ] [core.time_integration] Mouvement significatif des barres détecté (pos=0.7444). Re-calcul de la physique et factorisation LU...
[2026-04-29 19:04:11] [DEBUG   ] [physics.materials] Calcul des propriétés matériaux. rod_insertion=0.7443882297363841
[2026-04-29 19:04:11] [DEBUG   ] [physics.materials] Utilisation du user_mapping: {'Fuel': 'Fuel_Uranium', 'Moderator': 'HeavyWater_Moderator', 'Reflector': 'Graphite_Moderator', 'ControlRods': 'Boral_ControlRod'}
[2026-04-29 19:04:11] [DEBUG   ] [physics.materials] Propriétés des matériaux appliquées avec succès sur tout le maillage.
[2026-04-29 19:04:11] [DEBUG   ] [core.assembly] Début de l'assemblage (Masse/Réaction) pour 327018 éléments...
[2026-04-29 19:04:11] [DEBUG   ] [core.assembly] Assemblage terminé. Matrice creuse construite: taille (163550, 163550) avec 1144684 éléments non-nuls.
[2026-04-29 19:04:13] [INFO    ] [core.time_integration] Mouvement significatif des barres détecté (pos=0.7382). Re-calcul de la physique et factorisation LU...
[2026-04-29 19:04:13] [DEBUG   ] [physics.materials] Calcul des propriétés matériaux. rod_insertion=0.7382080926466599
[2026-04-29 19:04:13] [DEBUG   ] [physics.materials] Utilisation du user_mapping: {'Fuel': 'Fuel_Uranium', 'Moderator': 'HeavyWater_Moderator', 'Reflector': 'Graphite_Moderator', 'ControlRods': 'Boral_ControlRod'}
[2026-04-29 19:04:13] [DEBUG   ] [physics.materials] Propriétés des matériaux appliquées avec succès sur tout le maillage.
[2026-04-29 19:04:13] [DEBUG   ] [core.assembly] Début de l'assemblage (Masse/Réaction) pour 327018 éléments...
[2026-04-29 19:04:13] [DEBUG   ] [core.assembly] Assemblage terminé. Matrice creuse construite: taille (163550, 163550) avec 1144684 éléments non-nuls.
[2026-04-29 19:04:15] [DEBUG   ] [core.time_integration] Progression de l'intégration : Étape 60/100
[2026-04-29 19:04:15] [INFO    ] [core.time_integration] Mouvement significatif des barres détecté (pos=0.7307). Re-calcul de la physique et factorisation LU...
[2026-04-29 19:04:15] [DEBUG   ] [physics.materials] Calcul des propriétés matériaux. rod_insertion=0.730747787333223
[2026-04-29 19:04:15] [DEBUG   ] [physics.materials] Utilisation du user_mapping: {'Fuel': 'Fuel_Uranium', 'Moderator': 'HeavyWater_Moderator', 'Reflector': 'Graphite_Moderator', 'ControlRods': 'Boral_ControlRod'}
[2026-04-29 19:04:15] [DEBUG   ] [physics.materials] Propriétés des matériaux appliquées avec succès sur tout le maillage.
[2026-04-29 19:04:15] [DEBUG   ] [core.assembly] Début de l'assemblage (Masse/Réaction) pour 327018 éléments...
[2026-04-29 19:04:15] [DEBUG   ] [core.assembly] Assemblage terminé. Matrice creuse construite: taille (163550, 163550) avec 1144684 éléments non-nuls.
[2026-04-29 19:04:16] [INFO    ] [core.time_integration] Mouvement significatif des barres détecté (pos=0.7220). Re-calcul de la physique et factorisation LU...
[2026-04-29 19:04:16] [DEBUG   ] [physics.materials] Calcul des propriétés matériaux. rod_insertion=0.7219800327133017
[2026-04-29 19:04:16] [DEBUG   ] [physics.materials] Utilisation du user_mapping: {'Fuel': 'Fuel_Uranium', 'Moderator': 'HeavyWater_Moderator', 'Reflector': 'Graphite_Moderator', 'ControlRods': 'Boral_ControlRod'}
[2026-04-29 19:04:16] [DEBUG   ] [physics.materials] Propriétés des matériaux appliquées avec succès sur tout le maillage.
[2026-04-29 19:04:16] [DEBUG   ] [core.assembly] Début de l'assemblage (Masse/Réaction) pour 327018 éléments...
[2026-04-29 19:04:17] [DEBUG   ] [core.assembly] Assemblage terminé. Matrice creuse construite: taille (163550, 163550) avec 1144684 éléments non-nuls.
[2026-04-29 19:04:18] [INFO    ] [core.time_integration] Mouvement significatif des barres détecté (pos=0.7119). Re-calcul de la physique et factorisation LU...
[2026-04-29 19:04:18] [DEBUG   ] [physics.materials] Calcul des propriétés matériaux. rod_insertion=0.7118783096551058
[2026-04-29 19:04:18] [DEBUG   ] [physics.materials] Utilisation du user_mapping: {'Fuel': 'Fuel_Uranium', 'Moderator': 'HeavyWater_Moderator', 'Reflector': 'Graphite_Moderator', 'ControlRods': 'Boral_ControlRod'}
[2026-04-29 19:04:18] [DEBUG   ] [physics.materials] Propriétés des matériaux appliquées avec succès sur tout le maillage.
[2026-04-29 19:04:18] [DEBUG   ] [core.assembly] Début de l'assemblage (Masse/Réaction) pour 327018 éléments...
[2026-04-29 19:04:19] [DEBUG   ] [core.assembly] Assemblage terminé. Matrice creuse construite: taille (163550, 163550) avec 1144684 éléments non-nuls.
[2026-04-29 19:04:20] [INFO    ] [core.time_integration] Mouvement significatif des barres détecté (pos=0.7004). Re-calcul de la physique et factorisation LU...
[2026-04-29 19:04:20] [DEBUG   ] [physics.materials] Calcul des propriétés matériaux. rod_insertion=0.7004169072910034
[2026-04-29 19:04:20] [DEBUG   ] [physics.materials] Utilisation du user_mapping: {'Fuel': 'Fuel_Uranium', 'Moderator': 'HeavyWater_Moderator', 'Reflector': 'Graphite_Moderator', 'ControlRods': 'Boral_ControlRod'}
[2026-04-29 19:04:20] [DEBUG   ] [physics.materials] Propriétés des matériaux appliquées avec succès sur tout le maillage.
[2026-04-29 19:04:20] [DEBUG   ] [core.assembly] Début de l'assemblage (Masse/Réaction) pour 327018 éléments...
[2026-04-29 19:04:20] [DEBUG   ] [core.assembly] Assemblage terminé. Matrice creuse construite: taille (163550, 163550) avec 1144684 éléments non-nuls.
[2026-04-29 19:04:22] [INFO    ] [core.time_integration] Mouvement significatif des barres détecté (pos=0.6876). Re-calcul de la physique et factorisation LU...
[2026-04-29 19:04:22] [DEBUG   ] [physics.materials] Calcul des propriétés matériaux. rod_insertion=0.6875709719480644
[2026-04-29 19:04:22] [DEBUG   ] [physics.materials] Utilisation du user_mapping: {'Fuel': 'Fuel_Uranium', 'Moderator': 'HeavyWater_Moderator', 'Reflector': 'Graphite_Moderator', 'ControlRods': 'Boral_ControlRod'}
[2026-04-29 19:04:22] [DEBUG   ] [physics.materials] Propriétés des matériaux appliquées avec succès sur tout le maillage.
[2026-04-29 19:04:22] [DEBUG   ] [core.assembly] Début de l'assemblage (Masse/Réaction) pour 327018 éléments...
[2026-04-29 19:04:22] [DEBUG   ] [core.assembly] Assemblage terminé. Matrice creuse construite: taille (163550, 163550) avec 1144684 éléments non-nuls.
[2026-04-29 19:04:24] [INFO    ] [core.time_integration] Mouvement significatif des barres détecté (pos=0.6733). Re-calcul de la physique et factorisation LU...
[2026-04-29 19:04:24] [DEBUG   ] [physics.materials] Calcul des propriétés matériaux. rod_insertion=0.6733165592137154
[2026-04-29 19:04:24] [DEBUG   ] [physics.materials] Utilisation du user_mapping: {'Fuel': 'Fuel_Uranium', 'Moderator': 'HeavyWater_Moderator', 'Reflector': 'Graphite_Moderator', 'ControlRods': 'Boral_ControlRod'}
[2026-04-29 19:04:24] [DEBUG   ] [physics.materials] Propriétés des matériaux appliquées avec succès sur tout le maillage.
[2026-04-29 19:04:24] [DEBUG   ] [core.assembly] Début de l'assemblage (Masse/Réaction) pour 327018 éléments...
[2026-04-29 19:04:24] [DEBUG   ] [core.assembly] Assemblage terminé. Matrice creuse construite: taille (163550, 163550) avec 1144684 éléments non-nuls.
[2026-04-29 19:04:26] [INFO    ] [core.time_integration] Mouvement significatif des barres détecté (pos=0.6576). Re-calcul de la physique et factorisation LU...
[2026-04-29 19:04:26] [DEBUG   ] [physics.materials] Calcul des propriétés matériaux. rod_insertion=0.6576306895150337
[2026-04-29 19:04:26] [DEBUG   ] [physics.materials] Utilisation du user_mapping: {'Fuel': 'Fuel_Uranium', 'Moderator': 'HeavyWater_Moderator', 'Reflector': 'Graphite_Moderator', 'ControlRods': 'Boral_ControlRod'}
[2026-04-29 19:04:26] [DEBUG   ] [physics.materials] Propriétés des matériaux appliquées avec succès sur tout le maillage.
[2026-04-29 19:04:26] [DEBUG   ] [core.assembly] Début de l'assemblage (Masse/Réaction) pour 327018 éléments...
[2026-04-29 19:04:26] [DEBUG   ] [core.assembly] Assemblage terminé. Matrice creuse construite: taille (163550, 163550) avec 1144684 éléments non-nuls.
[2026-04-29 19:04:28] [INFO    ] [core.time_integration] Mouvement significatif des barres détecté (pos=0.6405). Re-calcul de la physique et factorisation LU...
[2026-04-29 19:04:28] [DEBUG   ] [physics.materials] Calcul des propriétés matériaux. rod_insertion=0.6404914075747322
[2026-04-29 19:04:28] [DEBUG   ] [physics.materials] Utilisation du user_mapping: {'Fuel': 'Fuel_Uranium', 'Moderator': 'HeavyWater_Moderator', 'Reflector': 'Graphite_Moderator', 'ControlRods': 'Boral_ControlRod'}
[2026-04-29 19:04:28] [DEBUG   ] [physics.materials] Propriétés des matériaux appliquées avec succès sur tout le maillage.
[2026-04-29 19:04:28] [DEBUG   ] [core.assembly] Début de l'assemblage (Masse/Réaction) pour 327018 éléments...
[2026-04-29 19:04:28] [DEBUG   ] [core.assembly] Assemblage terminé. Matrice creuse construite: taille (163550, 163550) avec 1144684 éléments non-nuls.
[2026-04-29 19:04:30] [INFO    ] [core.time_integration] Mouvement significatif des barres détecté (pos=0.6219). Re-calcul de la physique et factorisation LU...
[2026-04-29 19:04:30] [DEBUG   ] [physics.materials] Calcul des propriétés matériaux. rod_insertion=0.6218778461263827
[2026-04-29 19:04:30] [DEBUG   ] [physics.materials] Utilisation du user_mapping: {'Fuel': 'Fuel_Uranium', 'Moderator': 'HeavyWater_Moderator', 'Reflector': 'Graphite_Moderator', 'ControlRods': 'Boral_ControlRod'}
[2026-04-29 19:04:30] [DEBUG   ] [physics.materials] Propriétés des matériaux appliquées avec succès sur tout le maillage.
[2026-04-29 19:04:30] [DEBUG   ] [core.assembly] Début de l'assemblage (Masse/Réaction) pour 327018 éléments...
[2026-04-29 19:04:30] [DEBUG   ] [core.assembly] Assemblage terminé. Matrice creuse construite: taille (163550, 163550) avec 1144684 éléments non-nuls.
[2026-04-29 19:04:31] [INFO    ] [core.time_integration] Mouvement significatif des barres détecté (pos=0.6018). Re-calcul de la physique et factorisation LU...
[2026-04-29 19:04:31] [DEBUG   ] [physics.materials] Calcul des propriétés matériaux. rod_insertion=0.6017702943034209
[2026-04-29 19:04:31] [DEBUG   ] [physics.materials] Utilisation du user_mapping: {'Fuel': 'Fuel_Uranium', 'Moderator': 'HeavyWater_Moderator', 'Reflector': 'Graphite_Moderator', 'ControlRods': 'Boral_ControlRod'}
[2026-04-29 19:04:31] [DEBUG   ] [physics.materials] Propriétés des matériaux appliquées avec succès sur tout le maillage.
[2026-04-29 19:04:31] [DEBUG   ] [core.assembly] Début de l'assemblage (Masse/Réaction) pour 327018 éléments...
[2026-04-29 19:04:32] [DEBUG   ] [core.assembly] Assemblage terminé. Matrice creuse construite: taille (163550, 163550) avec 1144684 éléments non-nuls.
[2026-04-29 19:04:33] [DEBUG   ] [core.time_integration] Progression de l'intégration : Étape 70/100
[2026-04-29 19:04:33] [INFO    ] [core.time_integration] Mouvement significatif des barres détecté (pos=0.5802). Re-calcul de la physique et factorisation LU...
[2026-04-29 19:04:33] [DEBUG   ] [physics.materials] Calcul des propriétés matériaux. rod_insertion=0.580150271154996
[2026-04-29 19:04:33] [DEBUG   ] [physics.materials] Utilisation du user_mapping: {'Fuel': 'Fuel_Uranium', 'Moderator': 'HeavyWater_Moderator', 'Reflector': 'Graphite_Moderator', 'ControlRods': 'Boral_ControlRod'}
[2026-04-29 19:04:33] [DEBUG   ] [physics.materials] Propriétés des matériaux appliquées avec succès sur tout le maillage.
[2026-04-29 19:04:33] [DEBUG   ] [core.assembly] Début de l'assemblage (Masse/Réaction) pour 327018 éléments...
[2026-04-29 19:04:33] [DEBUG   ] [core.assembly] Assemblage terminé. Matrice creuse construite: taille (163550, 163550) avec 1144684 éléments non-nuls.
[2026-04-29 19:04:35] [INFO    ] [core.time_integration] Mouvement significatif des barres détecté (pos=0.5570). Re-calcul de la physique et factorisation LU...
[2026-04-29 19:04:35] [DEBUG   ] [physics.materials] Calcul des propriétés matériaux. rod_insertion=0.5570006047852116
[2026-04-29 19:04:35] [DEBUG   ] [physics.materials] Utilisation du user_mapping: {'Fuel': 'Fuel_Uranium', 'Moderator': 'HeavyWater_Moderator', 'Reflector': 'Graphite_Moderator', 'ControlRods': 'Boral_ControlRod'}
[2026-04-29 19:04:35] [DEBUG   ] [physics.materials] Propriétés des matériaux appliquées avec succès sur tout le maillage.
[2026-04-29 19:04:35] [DEBUG   ] [core.assembly] Début de l'assemblage (Masse/Réaction) pour 327018 éléments...
[2026-04-29 19:04:35] [DEBUG   ] [core.assembly] Assemblage terminé. Matrice creuse construite: taille (163550, 163550) avec 1144684 éléments non-nuls.
[2026-04-29 19:04:37] [INFO    ] [core.time_integration] Mouvement significatif des barres détecté (pos=0.5323). Re-calcul de la physique et factorisation LU...
[2026-04-29 19:04:37] [DEBUG   ] [physics.materials] Calcul des propriétés matériaux. rod_insertion=0.5323055176604861
[2026-04-29 19:04:37] [DEBUG   ] [physics.materials] Utilisation du user_mapping: {'Fuel': 'Fuel_Uranium', 'Moderator': 'HeavyWater_Moderator', 'Reflector': 'Graphite_Moderator', 'ControlRods': 'Boral_ControlRod'}
[2026-04-29 19:04:37] [DEBUG   ] [physics.materials] Propriétés des matériaux appliquées avec succès sur tout le maillage.
[2026-04-29 19:04:37] [DEBUG   ] [core.assembly] Début de l'assemblage (Masse/Réaction) pour 327018 éléments...
[2026-04-29 19:04:37] [DEBUG   ] [core.assembly] Assemblage terminé. Matrice creuse construite: taille (163550, 163550) avec 1144684 éléments non-nuls.
[2026-04-29 19:04:39] [INFO    ] [core.time_integration] Mouvement significatif des barres détecté (pos=0.5061). Re-calcul de la physique et factorisation LU...
[2026-04-29 19:04:39] [DEBUG   ] [physics.materials] Calcul des propriétés matériaux. rod_insertion=0.5060507186827619
[2026-04-29 19:04:39] [DEBUG   ] [physics.materials] Utilisation du user_mapping: {'Fuel': 'Fuel_Uranium', 'Moderator': 'HeavyWater_Moderator', 'Reflector': 'Graphite_Moderator', 'ControlRods': 'Boral_ControlRod'}
[2026-04-29 19:04:39] [DEBUG   ] [physics.materials] Propriétés des matériaux appliquées avec succès sur tout le maillage.
[2026-04-29 19:04:39] [DEBUG   ] [core.assembly] Début de l'assemblage (Masse/Réaction) pour 327018 éléments...
[2026-04-29 19:04:39] [DEBUG   ] [core.assembly] Assemblage terminé. Matrice creuse construite: taille (163550, 163550) avec 1144684 éléments non-nuls.
[2026-04-29 19:04:40] [INFO    ] [core.time_integration] Mouvement significatif des barres détecté (pos=0.4782). Re-calcul de la physique et factorisation LU...
[2026-04-29 19:04:40] [DEBUG   ] [physics.materials] Calcul des propriétés matériaux. rod_insertion=0.47822350268433017
[2026-04-29 19:04:40] [DEBUG   ] [physics.materials] Utilisation du user_mapping: {'Fuel': 'Fuel_Uranium', 'Moderator': 'HeavyWater_Moderator', 'Reflector': 'Graphite_Moderator', 'ControlRods': 'Boral_ControlRod'}
[2026-04-29 19:04:40] [DEBUG   ] [physics.materials] Propriétés des matériaux appliquées avec succès sur tout le maillage.
[2026-04-29 19:04:40] [DEBUG   ] [core.assembly] Début de l'assemblage (Masse/Réaction) pour 327018 éléments...
[2026-04-29 19:04:40] [DEBUG   ] [core.assembly] Assemblage terminé. Matrice creuse construite: taille (163550, 163550) avec 1144684 éléments non-nuls.
[2026-04-29 19:04:42] [INFO    ] [core.time_integration] Mouvement significatif des barres détecté (pos=0.4488). Re-calcul de la physique et factorisation LU...
[2026-04-29 19:04:42] [DEBUG   ] [physics.materials] Calcul des propriétés matériaux. rod_insertion=0.4488128580633516
[2026-04-29 19:04:42] [DEBUG   ] [physics.materials] Utilisation du user_mapping: {'Fuel': 'Fuel_Uranium', 'Moderator': 'HeavyWater_Moderator', 'Reflector': 'Graphite_Moderator', 'ControlRods': 'Boral_ControlRod'}
[2026-04-29 19:04:42] [DEBUG   ] [physics.materials] Propriétés des matériaux appliquées avec succès sur tout le maillage.
[2026-04-29 19:04:42] [DEBUG   ] [core.assembly] Début de l'assemblage (Masse/Réaction) pour 327018 éléments...
[2026-04-29 19:04:42] [DEBUG   ] [core.assembly] Assemblage terminé. Matrice creuse construite: taille (163550, 163550) avec 1144684 éléments non-nuls.
[2026-04-29 19:04:44] [INFO    ] [core.time_integration] Mouvement significatif des barres détecté (pos=0.4178). Re-calcul de la physique et factorisation LU...
[2026-04-29 19:04:44] [DEBUG   ] [physics.materials] Calcul des propriétés matériaux. rod_insertion=0.41780958334792456
[2026-04-29 19:04:44] [DEBUG   ] [physics.materials] Utilisation du user_mapping: {'Fuel': 'Fuel_Uranium', 'Moderator': 'HeavyWater_Moderator', 'Reflector': 'Graphite_Moderator', 'ControlRods': 'Boral_ControlRod'}
[2026-04-29 19:04:44] [DEBUG   ] [physics.materials] Propriétés des matériaux appliquées avec succès sur tout le maillage.
[2026-04-29 19:04:44] [DEBUG   ] [core.assembly] Début de l'assemblage (Masse/Réaction) pour 327018 éléments...
[2026-04-29 19:04:44] [DEBUG   ] [core.assembly] Assemblage terminé. Matrice creuse construite: taille (163550, 163550) avec 1144684 éléments non-nuls.
[2026-04-29 19:04:45] [INFO    ] [core.time_integration] Mouvement significatif des barres détecté (pos=0.3852). Re-calcul de la physique et factorisation LU...
[2026-04-29 19:04:45] [DEBUG   ] [physics.materials] Calcul des propriétés matériaux. rod_insertion=0.3852064135508889
[2026-04-29 19:04:45] [DEBUG   ] [physics.materials] Utilisation du user_mapping: {'Fuel': 'Fuel_Uranium', 'Moderator': 'HeavyWater_Moderator', 'Reflector': 'Graphite_Moderator', 'ControlRods': 'Boral_ControlRod'}
[2026-04-29 19:04:46] [DEBUG   ] [physics.materials] Propriétés des matériaux appliquées avec succès sur tout le maillage.
[2026-04-29 19:04:46] [DEBUG   ] [core.assembly] Début de l'assemblage (Masse/Réaction) pour 327018 éléments...
[2026-04-29 19:04:46] [DEBUG   ] [core.assembly] Assemblage terminé. Matrice creuse construite: taille (163550, 163550) avec 1144684 éléments non-nuls.
[2026-04-29 19:04:47] [INFO    ] [core.time_integration] Mouvement significatif des barres détecté (pos=0.3510). Re-calcul de la physique et factorisation LU...
[2026-04-29 19:04:47] [DEBUG   ] [physics.materials] Calcul des propriétés matériaux. rod_insertion=0.35099815725739913
[2026-04-29 19:04:47] [DEBUG   ] [physics.materials] Utilisation du user_mapping: {'Fuel': 'Fuel_Uranium', 'Moderator': 'HeavyWater_Moderator', 'Reflector': 'Graphite_Moderator', 'ControlRods': 'Boral_ControlRod'}
[2026-04-29 19:04:47] [DEBUG   ] [physics.materials] Propriétés des matériaux appliquées avec succès sur tout le maillage.
[2026-04-29 19:04:47] [DEBUG   ] [core.assembly] Début de l'assemblage (Masse/Réaction) pour 327018 éléments...
[2026-04-29 19:04:48] [DEBUG   ] [core.assembly] Assemblage terminé. Matrice creuse construite: taille (163550, 163550) avec 1144684 éléments non-nuls.
[2026-04-29 19:04:49] [INFO    ] [core.time_integration] Mouvement significatif des barres détecté (pos=0.3152). Re-calcul de la physique et factorisation LU...
[2026-04-29 19:04:49] [DEBUG   ] [physics.materials] Calcul des propriétés matériaux. rod_insertion=0.31518184547243644
[2026-04-29 19:04:49] [DEBUG   ] [physics.materials] Utilisation du user_mapping: {'Fuel': 'Fuel_Uranium', 'Moderator': 'HeavyWater_Moderator', 'Reflector': 'Graphite_Moderator', 'ControlRods': 'Boral_ControlRod'}
[2026-04-29 19:04:49] [DEBUG   ] [physics.materials] Propriétés des matériaux appliquées avec succès sur tout le maillage.
[2026-04-29 19:04:49] [DEBUG   ] [core.assembly] Début de l'assemblage (Masse/Réaction) pour 327018 éléments...
[2026-04-29 19:04:49] [DEBUG   ] [core.assembly] Assemblage terminé. Matrice creuse construite: taille (163550, 163550) avec 1144684 éléments non-nuls.
[2026-04-29 19:04:51] [DEBUG   ] [core.time_integration] Progression de l'intégration : Étape 80/100
[2026-04-29 19:04:51] [INFO    ] [core.time_integration] Mouvement significatif des barres détecté (pos=0.2778). Re-calcul de la physique et factorisation LU...
[2026-04-29 19:04:51] [DEBUG   ] [physics.materials] Calcul des propriétés matériaux. rod_insertion=0.27775689334533105
[2026-04-29 19:04:51] [DEBUG   ] [physics.materials] Utilisation du user_mapping: {'Fuel': 'Fuel_Uranium', 'Moderator': 'HeavyWater_Moderator', 'Reflector': 'Graphite_Moderator', 'ControlRods': 'Boral_ControlRod'}
[2026-04-29 19:04:51] [DEBUG   ] [physics.materials] Propriétés des matériaux appliquées avec succès sur tout le maillage.
[2026-04-29 19:04:51] [DEBUG   ] [core.assembly] Début de l'assemblage (Masse/Réaction) pour 327018 éléments...
[2026-04-29 19:04:51] [DEBUG   ] [core.assembly] Assemblage terminé. Matrice creuse construite: taille (163550, 163550) avec 1144684 éléments non-nuls.
[2026-04-29 19:04:53] [INFO    ] [core.time_integration] Mouvement significatif des barres détecté (pos=0.2387). Re-calcul de la physique et factorisation LU...
[2026-04-29 19:04:53] [DEBUG   ] [physics.materials] Calcul des propriétés matériaux. rod_insertion=0.23872527598216173
[2026-04-29 19:04:53] [DEBUG   ] [physics.materials] Utilisation du user_mapping: {'Fuel': 'Fuel_Uranium', 'Moderator': 'HeavyWater_Moderator', 'Reflector': 'Graphite_Moderator', 'ControlRods': 'Boral_ControlRod'}
[2026-04-29 19:04:53] [DEBUG   ] [physics.materials] Propriétés des matériaux appliquées avec succès sur tout le maillage.
[2026-04-29 19:04:53] [DEBUG   ] [core.assembly] Début de l'assemblage (Masse/Réaction) pour 327018 éléments...
[2026-04-29 19:04:53] [DEBUG   ] [core.assembly] Assemblage terminé. Matrice creuse construite: taille (163550, 163550) avec 1144684 éléments non-nuls.
[2026-04-29 19:04:55] [INFO    ] [core.time_integration] Mouvement significatif des barres détecté (pos=0.1981). Re-calcul de la physique et factorisation LU...
[2026-04-29 19:04:55] [DEBUG   ] [physics.materials] Calcul des propriétés matériaux. rod_insertion=0.1980917196532144
[2026-04-29 19:04:55] [DEBUG   ] [physics.materials] Utilisation du user_mapping: {'Fuel': 'Fuel_Uranium', 'Moderator': 'HeavyWater_Moderator', 'Reflector': 'Graphite_Moderator', 'ControlRods': 'Boral_ControlRod'}
[2026-04-29 19:04:55] [DEBUG   ] [physics.materials] Propriétés des matériaux appliquées avec succès sur tout le maillage.
[2026-04-29 19:04:55] [DEBUG   ] [core.assembly] Début de l'assemblage (Masse/Réaction) pour 327018 éléments...
[2026-04-29 19:04:55] [DEBUG   ] [core.assembly] Assemblage terminé. Matrice creuse construite: taille (163550, 163550) avec 1144684 éléments non-nuls.
[2026-04-29 19:04:56] [INFO    ] [core.time_integration] Mouvement significatif des barres détecté (pos=0.1559). Re-calcul de la physique et factorisation LU...
[2026-04-29 19:04:56] [DEBUG   ] [physics.materials] Calcul des propriétés matériaux. rod_insertion=0.15586390979949727
[2026-04-29 19:04:56] [DEBUG   ] [physics.materials] Utilisation du user_mapping: {'Fuel': 'Fuel_Uranium', 'Moderator': 'HeavyWater_Moderator', 'Reflector': 'Graphite_Moderator', 'ControlRods': 'Boral_ControlRod'}
[2026-04-29 19:04:56] [DEBUG   ] [physics.materials] Propriétés des matériaux appliquées avec succès sur tout le maillage.
[2026-04-29 19:04:56] [DEBUG   ] [core.assembly] Début de l'assemblage (Masse/Réaction) pour 327018 éléments...
[2026-04-29 19:04:56] [DEBUG   ] [core.assembly] Assemblage terminé. Matrice creuse construite: taille (163550, 163550) avec 1144684 éléments non-nuls.
[2026-04-29 19:04:57] [INFO    ] [core.time_integration] Mouvement significatif des barres détecté (pos=0.1121). Re-calcul de la physique et factorisation LU...
[2026-04-29 19:04:57] [DEBUG   ] [physics.materials] Calcul des propriétés matériaux. rod_insertion=0.11205271733676378
[2026-04-29 19:04:57] [DEBUG   ] [physics.materials] Utilisation du user_mapping: {'Fuel': 'Fuel_Uranium', 'Moderator': 'HeavyWater_Moderator', 'Reflector': 'Graphite_Moderator', 'ControlRods': 'Boral_ControlRod'}
[2026-04-29 19:04:58] [DEBUG   ] [physics.materials] Propriétés des matériaux appliquées avec succès sur tout le maillage.
[2026-04-29 19:04:58] [DEBUG   ] [core.assembly] Début de l'assemblage (Masse/Réaction) pour 327018 éléments...
[2026-04-29 19:04:58] [DEBUG   ] [core.assembly] Assemblage terminé. Matrice creuse construite: taille (163550, 163550) avec 1144684 éléments non-nuls.
[2026-04-29 19:04:59] [INFO    ] [core.time_integration] Mouvement significatif des barres détecté (pos=0.0667). Re-calcul de la physique et factorisation LU...
[2026-04-29 19:04:59] [DEBUG   ] [physics.materials] Calcul des propriétés matériaux. rod_insertion=0.06667244484365273
[2026-04-29 19:04:59] [DEBUG   ] [physics.materials] Utilisation du user_mapping: {'Fuel': 'Fuel_Uranium', 'Moderator': 'HeavyWater_Moderator', 'Reflector': 'Graphite_Moderator', 'ControlRods': 'Boral_ControlRod'}
[2026-04-29 19:04:59] [DEBUG   ] [physics.materials] Propriétés des matériaux appliquées avec succès sur tout le maillage.
[2026-04-29 19:04:59] [DEBUG   ] [core.assembly] Début de l'assemblage (Masse/Réaction) pour 327018 éléments...
[2026-04-29 19:05:00] [DEBUG   ] [core.assembly] Assemblage terminé. Matrice creuse construite: taille (163550, 163550) avec 1144684 éléments non-nuls.
[2026-04-29 19:05:01] [INFO    ] [core.time_integration] Mouvement significatif des barres détecté (pos=0.0197). Re-calcul de la physique et factorisation LU...
[2026-04-29 19:05:01] [DEBUG   ] [physics.materials] Calcul des propriétés matériaux. rod_insertion=0.019741094297117845
[2026-04-29 19:05:01] [DEBUG   ] [physics.materials] Utilisation du user_mapping: {'Fuel': 'Fuel_Uranium', 'Moderator': 'HeavyWater_Moderator', 'Reflector': 'Graphite_Moderator', 'ControlRods': 'Boral_ControlRod'}
[2026-04-29 19:05:01] [DEBUG   ] [physics.materials] Propriétés des matériaux appliquées avec succès sur tout le maillage.
[2026-04-29 19:05:01] [DEBUG   ] [core.assembly] Début de l'assemblage (Masse/Réaction) pour 327018 éléments...
[2026-04-29 19:05:01] [DEBUG   ] [core.assembly] Assemblage terminé. Matrice creuse construite: taille (163550, 163550) avec 1144684 éléments non-nuls.
[2026-04-29 19:05:03] [INFO    ] [core.time_integration] Mouvement significatif des barres détecté (pos=0.0000). Re-calcul de la physique et factorisation LU...
[2026-04-29 19:05:03] [DEBUG   ] [physics.materials] Calcul des propriétés matériaux. rod_insertion=0.0
[2026-04-29 19:05:03] [DEBUG   ] [physics.materials] Utilisation du user_mapping: {'Fuel': 'Fuel_Uranium', 'Moderator': 'HeavyWater_Moderator', 'Reflector': 'Graphite_Moderator', 'ControlRods': 'Boral_ControlRod'}
[2026-04-29 19:05:03] [DEBUG   ] [physics.materials] Propriétés des matériaux appliquées avec succès sur tout le maillage.
[2026-04-29 19:05:03] [DEBUG   ] [core.assembly] Début de l'assemblage (Masse/Réaction) pour 327018 éléments...
[2026-04-29 19:05:03] [DEBUG   ] [core.assembly] Assemblage terminé. Matrice creuse construite: taille (163550, 163550) avec 1144684 éléments non-nuls.
[2026-04-29 19:05:05] [DEBUG   ] [core.time_integration] Progression de l'intégration : Étape 90/100
[2026-04-29 19:05:05] [DEBUG   ] [core.time_integration] Progression de l'intégration : Étape 100/100
[2026-04-29 19:05:05] [INFO    ] [core.time_integration] Fin de l'intégration. Position finale des barres : 0.0000
[2026-04-29 19:05:06] [INFO    ] [core.solver] Intégration temporelle terminée avec succès.
[2026-04-29 19:05:06] [INFO    ] [core.solver] Démarrage de la génération de l'animation Matplotlib...
[2026-04-29 19:06:05] [INFO    ] [core.solver] Fin de l'exécution de run_full_simulation.
[2026-04-29 19:07:56] [INFO    ] [utils.gui] Démarrage de l'interface graphique ReactorGUI.
[2026-04-29 19:09:21] [INFO    ] [utils.gui] Démarrage de l'interface graphique ReactorGUI.
[2026-04-29 19:09:26] [INFO    ] [utils.gui] Fichier de maillage sélectionné pour la simulation : /home/Bud0x/Documents/bachinge/BAC3/LEPL1110/project/Projet_ef/output/meshes/reactor_manual_Rn12.0_Rhex2.0_20260429_190012.msh
[2026-04-29 19:09:26] [INFO    ] [core.solver] Démarrage de run_full_simulation sur : /home/Bud0x/Documents/bachinge/BAC3/LEPL1110/project/Projet_ef/output/meshes/reactor_manual_Rn12.0_Rhex2.0_20260429_190012.msh
[2026-04-29 19:09:28] [DEBUG   ] [core.solver] Maillage chargé. Nombre de nœuds : 163550
[2026-04-29 19:09:28] [DEBUG   ] [core.solver] Extraction des données P1 FEM depuis le maillage...
[2026-04-29 19:09:31] [DEBUG   ] [core.solver] Extraction terminée pour 327018 éléments triangulaires.
[2026-04-29 19:09:31] [DEBUG   ] [core.solver] Flux initial défini. Puissance initiale (intégrale) = 1635500.0
[2026-04-29 19:09:31] [INFO    ] [core.solver] Scénario PID: Cible = 70.0% -> Puissance absolue cible = 1144850.0
[2026-04-29 19:09:31] [INFO    ] [core.solver] Début de l'assemblage des matrices fixes...
[2026-04-29 19:09:31] [DEBUG   ] [physics.materials] Calcul des propriétés matériaux. rod_insertion=1.0
[2026-04-29 19:09:31] [DEBUG   ] [physics.materials] Utilisation du user_mapping: {'Fuel': 'Fuel_Uranium', 'Moderator': 'Water_Moderator', 'Reflector': 'Graphite_Moderator', 'ControlRods': 'Boral_ControlRod'}
[2026-04-29 19:09:31] [DEBUG   ] [physics.materials] Propriétés des matériaux appliquées avec succès sur tout le maillage.
[2026-04-29 19:09:31] [DEBUG   ] [core.assembly] Début de l'assemblage (Masse/Réaction) pour 327018 éléments...
[2026-04-29 19:09:32] [DEBUG   ] [core.assembly] Assemblage terminé. Matrice creuse construite: taille (163550, 163550) avec 1144684 éléments non-nuls.
[2026-04-29 19:09:32] [DEBUG   ] [core.assembly] Début de l'assemblage de Rigidité (Diffusion) pour 327018 éléments...
[2026-04-29 19:09:34] [DEBUG   ] [core.assembly] Assemblage de Rigidité terminé. Matrice creuse construite: taille (163550, 163550) avec 1144684 éléments non-nuls.
[2026-04-29 19:09:34] [DEBUG   ] [core.assembly] Début de l'assemblage (Masse/Réaction) pour 327018 éléments...
[2026-04-29 19:09:34] [DEBUG   ] [core.assembly] Assemblage terminé. Matrice creuse construite: taille (163550, 163550) avec 1144684 éléments non-nuls.
[2026-04-29 19:09:34] [INFO    ] [core.solver] Assemblage des matrices M, K et R_init terminé.
[2026-04-29 19:09:34] [INFO    ] [core.solver] Démarrage de l'intégration temporelle dynamique...
[2026-04-29 19:09:34] [DEBUG   ] [core.time_integration] Initialisation du TimeIntegrator avec theta = 1.0
[2026-04-29 19:09:34] [INFO    ] [core.time_integration] Début de l'intégration temporelle : t=[0.0, 0.05], dt=0.00050, étapes=100
[2026-04-29 19:09:34] [INFO    ] [core.time_integration] Mouvement significatif des barres détecté (pos=0.0500). Re-calcul de la physique et factorisation LU...
[2026-04-29 19:09:34] [DEBUG   ] [physics.materials] Calcul des propriétés matériaux. rod_insertion=0.05
[2026-04-29 19:09:34] [DEBUG   ] [physics.materials] Utilisation du user_mapping: {'Fuel': 'Fuel_Uranium', 'Moderator': 'Water_Moderator', 'Reflector': 'Graphite_Moderator', 'ControlRods': 'Boral_ControlRod'}
[2026-04-29 19:09:34] [DEBUG   ] [physics.materials] Propriétés des matériaux appliquées avec succès sur tout le maillage.
[2026-04-29 19:09:34] [DEBUG   ] [core.assembly] Début de l'assemblage (Masse/Réaction) pour 327018 éléments...
[2026-04-29 19:09:35] [DEBUG   ] [core.assembly] Assemblage terminé. Matrice creuse construite: taille (163550, 163550) avec 1144684 éléments non-nuls.
[2026-04-29 19:09:36] [INFO    ] [core.time_integration] Mouvement significatif des barres détecté (pos=0.0609). Re-calcul de la physique et factorisation LU...
[2026-04-29 19:09:36] [DEBUG   ] [physics.materials] Calcul des propriétés matériaux. rod_insertion=0.060871176811346725
[2026-04-29 19:09:36] [DEBUG   ] [physics.materials] Utilisation du user_mapping: {'Fuel': 'Fuel_Uranium', 'Moderator': 'Water_Moderator', 'Reflector': 'Graphite_Moderator', 'ControlRods': 'Boral_ControlRod'}
[2026-04-29 19:09:36] [DEBUG   ] [physics.materials] Propriétés des matériaux appliquées avec succès sur tout le maillage.
[2026-04-29 19:09:36] [DEBUG   ] [core.assembly] Début de l'assemblage (Masse/Réaction) pour 327018 éléments...
[2026-04-29 19:09:36] [DEBUG   ] [core.assembly] Assemblage terminé. Matrice creuse construite: taille (163550, 163550) avec 1144684 éléments non-nuls.
[2026-04-29 19:09:37] [INFO    ] [core.time_integration] Mouvement significatif des barres détecté (pos=0.0723). Re-calcul de la physique et factorisation LU...
[2026-04-29 19:09:37] [DEBUG   ] [physics.materials] Calcul des propriétés matériaux. rod_insertion=0.07227863825638113
[2026-04-29 19:09:37] [DEBUG   ] [physics.materials] Utilisation du user_mapping: {'Fuel': 'Fuel_Uranium', 'Moderator': 'Water_Moderator', 'Reflector': 'Graphite_Moderator', 'ControlRods': 'Boral_ControlRod'}
[2026-04-29 19:09:37] [DEBUG   ] [physics.materials] Propriétés des matériaux appliquées avec succès sur tout le maillage.
[2026-04-29 19:09:37] [DEBUG   ] [core.assembly] Début de l'assemblage (Masse/Réaction) pour 327018 éléments...
[2026-04-29 19:09:38] [DEBUG   ] [core.assembly] Assemblage terminé. Matrice creuse construite: taille (163550, 163550) avec 1144684 éléments non-nuls.
[2026-04-29 19:09:39] [INFO    ] [core.time_integration] Mouvement significatif des barres détecté (pos=0.0840). Re-calcul de la physique et factorisation LU...
[2026-04-29 19:09:39] [DEBUG   ] [physics.materials] Calcul des propriétés matériaux. rod_insertion=0.08402073079576063
[2026-04-29 19:09:39] [DEBUG   ] [physics.materials] Utilisation du user_mapping: {'Fuel': 'Fuel_Uranium', 'Moderator': 'Water_Moderator', 'Reflector': 'Graphite_Moderator', 'ControlRods': 'Boral_ControlRod'}
[2026-04-29 19:09:39] [DEBUG   ] [physics.materials] Propriétés des matériaux appliquées avec succès sur tout le maillage.
[2026-04-29 19:09:39] [DEBUG   ] [core.assembly] Début de l'assemblage (Masse/Réaction) pour 327018 éléments...
[2026-04-29 19:09:39] [DEBUG   ] [core.assembly] Assemblage terminé. Matrice creuse construite: taille (163550, 163550) avec 1144684 éléments non-nuls.
[2026-04-29 19:09:41] [INFO    ] [core.time_integration] Mouvement significatif des barres détecté (pos=0.0960). Re-calcul de la physique et factorisation LU...
[2026-04-29 19:09:41] [DEBUG   ] [physics.materials] Calcul des propriétés matériaux. rod_insertion=0.0960454640478136
[2026-04-29 19:09:41] [DEBUG   ] [physics.materials] Utilisation du user_mapping: {'Fuel': 'Fuel_Uranium', 'Moderator': 'Water_Moderator', 'Reflector': 'Graphite_Moderator', 'ControlRods': 'Boral_ControlRod'}
[2026-04-29 19:09:41] [DEBUG   ] [physics.materials] Propriétés des matériaux appliquées avec succès sur tout le maillage.
[2026-04-29 19:09:41] [DEBUG   ] [core.assembly] Début de l'assemblage (Masse/Réaction) pour 327018 éléments...
[2026-04-29 19:09:41] [DEBUG   ] [core.assembly] Assemblage terminé. Matrice creuse construite: taille (163550, 163550) avec 1144684 éléments non-nuls.
[2026-04-29 19:09:43] [INFO    ] [core.time_integration] Mouvement significatif des barres détecté (pos=0.1083). Re-calcul de la physique et factorisation LU...
[2026-04-29 19:09:43] [DEBUG   ] [physics.materials] Calcul des propriétés matériaux. rod_insertion=0.10830967381521936
[2026-04-29 19:09:43] [DEBUG   ] [physics.materials] Utilisation du user_mapping: {'Fuel': 'Fuel_Uranium', 'Moderator': 'Water_Moderator', 'Reflector': 'Graphite_Moderator', 'ControlRods': 'Boral_ControlRod'}
[2026-04-29 19:09:43] [DEBUG   ] [physics.materials] Propriétés des matériaux appliquées avec succès sur tout le maillage.
[2026-04-29 19:09:43] [DEBUG   ] [core.assembly] Début de l'assemblage (Masse/Réaction) pour 327018 éléments...
[2026-04-29 19:09:43] [DEBUG   ] [core.assembly] Assemblage terminé. Matrice creuse construite: taille (163550, 163550) avec 1144684 éléments non-nuls.
[2026-04-29 19:09:45] [INFO    ] [core.time_integration] Mouvement significatif des barres détecté (pos=0.1208). Re-calcul de la physique et factorisation LU...
[2026-04-29 19:09:45] [DEBUG   ] [physics.materials] Calcul des propriétés matériaux. rod_insertion=0.12077282343134797
[2026-04-29 19:09:45] [DEBUG   ] [physics.materials] Utilisation du user_mapping: {'Fuel': 'Fuel_Uranium', 'Moderator': 'Water_Moderator', 'Reflector': 'Graphite_Moderator', 'ControlRods': 'Boral_ControlRod'}
[2026-04-29 19:09:45] [DEBUG   ] [physics.materials] Propriétés des matériaux appliquées avec succès sur tout le maillage.
[2026-04-29 19:09:45] [DEBUG   ] [core.assembly] Début de l'assemblage (Masse/Réaction) pour 327018 éléments...
[2026-04-29 19:09:45] [DEBUG   ] [core.assembly] Assemblage terminé. Matrice creuse construite: taille (163550, 163550) avec 1144684 éléments non-nuls.
[2026-04-29 19:09:47] [INFO    ] [core.time_integration] Mouvement significatif des barres détecté (pos=0.1334). Re-calcul de la physique et factorisation LU...
[2026-04-29 19:09:47] [DEBUG   ] [physics.materials] Calcul des propriétés matériaux. rod_insertion=0.13339482741830772
[2026-04-29 19:09:47] [DEBUG   ] [physics.materials] Utilisation du user_mapping: {'Fuel': 'Fuel_Uranium', 'Moderator': 'Water_Moderator', 'Reflector': 'Graphite_Moderator', 'ControlRods': 'Boral_ControlRod'}
[2026-04-29 19:09:47] [DEBUG   ] [physics.materials] Propriétés des matériaux appliquées avec succès sur tout le maillage.
[2026-04-29 19:09:47] [DEBUG   ] [core.assembly] Début de l'assemblage (Masse/Réaction) pour 327018 éléments...
[2026-04-29 19:09:47] [DEBUG   ] [core.assembly] Assemblage terminé. Matrice creuse construite: taille (163550, 163550) avec 1144684 éléments non-nuls.
[2026-04-29 19:09:48] [INFO    ] [core.time_integration] Mouvement significatif des barres détecté (pos=0.1461). Re-calcul de la physique et factorisation LU...
[2026-04-29 19:09:48] [DEBUG   ] [physics.materials] Calcul des propriétés matériaux. rod_insertion=0.14613532326862497
[2026-04-29 19:09:48] [DEBUG   ] [physics.materials] Utilisation du user_mapping: {'Fuel': 'Fuel_Uranium', 'Moderator': 'Water_Moderator', 'Reflector': 'Graphite_Moderator', 'ControlRods': 'Boral_ControlRod'}
[2026-04-29 19:09:49] [DEBUG   ] [physics.materials] Propriétés des matériaux appliquées avec succès sur tout le maillage.
[2026-04-29 19:09:49] [DEBUG   ] [core.assembly] Début de l'assemblage (Masse/Réaction) pour 327018 éléments...
[2026-04-29 19:09:49] [DEBUG   ] [core.assembly] Assemblage terminé. Matrice creuse construite: taille (163550, 163550) avec 1144684 éléments non-nuls.
[2026-04-29 19:09:50] [DEBUG   ] [core.time_integration] Progression de l'intégration : Étape 10/100
[2026-04-29 19:09:50] [INFO    ] [core.time_integration] Mouvement significatif des barres détecté (pos=0.1590). Re-calcul de la physique et factorisation LU...
[2026-04-29 19:09:50] [DEBUG   ] [physics.materials] Calcul des propriétés matériaux. rod_insertion=0.15895348470679357
[2026-04-29 19:09:50] [DEBUG   ] [physics.materials] Utilisation du user_mapping: {'Fuel': 'Fuel_Uranium', 'Moderator': 'Water_Moderator', 'Reflector': 'Graphite_Moderator', 'ControlRods': 'Boral_ControlRod'}
[2026-04-29 19:09:50] [DEBUG   ] [physics.materials] Propriétés des matériaux appliquées avec succès sur tout le maillage.
[2026-04-29 19:09:50] [DEBUG   ] [core.assembly] Début de l'assemblage (Masse/Réaction) pour 327018 éléments...
[2026-04-29 19:09:50] [DEBUG   ] [core.assembly] Assemblage terminé. Matrice creuse construite: taille (163550, 163550) avec 1144684 éléments non-nuls.
[2026-04-29 19:09:52] [INFO    ] [core.time_integration] Mouvement significatif des barres détecté (pos=0.1718). Re-calcul de la physique et factorisation LU...
[2026-04-29 19:09:52] [DEBUG   ] [physics.materials] Calcul des propriétés matériaux. rod_insertion=0.17180801954175945
[2026-04-29 19:09:52] [DEBUG   ] [physics.materials] Utilisation du user_mapping: {'Fuel': 'Fuel_Uranium', 'Moderator': 'Water_Moderator', 'Reflector': 'Graphite_Moderator', 'ControlRods': 'Boral_ControlRod'}
[2026-04-29 19:09:52] [DEBUG   ] [physics.materials] Propriétés des matériaux appliquées avec succès sur tout le maillage.
[2026-04-29 19:09:52] [DEBUG   ] [core.assembly] Début de l'assemblage (Masse/Réaction) pour 327018 éléments...
[2026-04-29 19:09:52] [DEBUG   ] [core.assembly] Assemblage terminé. Matrice creuse construite: taille (163550, 163550) avec 1144684 éléments non-nuls.
[2026-04-29 19:09:53] [INFO    ] [core.time_integration] Mouvement significatif des barres détecté (pos=0.1847). Re-calcul de la physique et factorisation LU...
[2026-04-29 19:09:53] [DEBUG   ] [physics.materials] Calcul des propriétés matériaux. rod_insertion=0.18465722175026397
[2026-04-29 19:09:53] [DEBUG   ] [physics.materials] Utilisation du user_mapping: {'Fuel': 'Fuel_Uranium', 'Moderator': 'Water_Moderator', 'Reflector': 'Graphite_Moderator', 'ControlRods': 'Boral_ControlRod'}
[2026-04-29 19:09:53] [DEBUG   ] [physics.materials] Propriétés des matériaux appliquées avec succès sur tout le maillage.
[2026-04-29 19:09:53] [DEBUG   ] [core.assembly] Début de l'assemblage (Masse/Réaction) pour 327018 éléments...
[2026-04-29 19:09:54] [DEBUG   ] [core.assembly] Assemblage terminé. Matrice creuse construite: taille (163550, 163550) avec 1144684 éléments non-nuls.
[2026-04-29 19:09:55] [INFO    ] [core.time_integration] Mouvement significatif des barres détecté (pos=0.1975). Re-calcul de la physique et factorisation LU...
[2026-04-29 19:09:55] [DEBUG   ] [physics.materials] Calcul des propriétés matériaux. rod_insertion=0.19745903449684604
[2026-04-29 19:09:55] [DEBUG   ] [physics.materials] Utilisation du user_mapping: {'Fuel': 'Fuel_Uranium', 'Moderator': 'Water_Moderator', 'Reflector': 'Graphite_Moderator', 'ControlRods': 'Boral_ControlRod'}
[2026-04-29 19:09:55] [DEBUG   ] [physics.materials] Propriétés des matériaux appliquées avec succès sur tout le maillage.
[2026-04-29 19:09:55] [DEBUG   ] [core.assembly] Début de l'assemblage (Masse/Réaction) pour 327018 éléments...
[2026-04-29 19:09:55] [DEBUG   ] [core.assembly] Assemblage terminé. Matrice creuse construite: taille (163550, 163550) avec 1144684 éléments non-nuls.
[2026-04-29 19:09:57] [INFO    ] [core.time_integration] Mouvement significatif des barres détecté (pos=0.2102). Re-calcul de la physique et factorisation LU...
[2026-04-29 19:09:57] [DEBUG   ] [physics.materials] Calcul des propriétés matériaux. rod_insertion=0.2101711118347652
[2026-04-29 19:09:57] [DEBUG   ] [physics.materials] Utilisation du user_mapping: {'Fuel': 'Fuel_Uranium', 'Moderator': 'Water_Moderator', 'Reflector': 'Graphite_Moderator', 'ControlRods': 'Boral_ControlRod'}
[2026-04-29 19:09:57] [DEBUG   ] [physics.materials] Propriétés des matériaux appliquées avec succès sur tout le maillage.
[2026-04-29 19:09:57] [DEBUG   ] [core.assembly] Début de l'assemblage (Masse/Réaction) pour 327018 éléments...
[2026-04-29 19:09:57] [DEBUG   ] [core.assembly] Assemblage terminé. Matrice creuse construite: taille (163550, 163550) avec 1144684 éléments non-nuls.
[2026-04-29 19:09:59] [INFO    ] [core.time_integration] Mouvement significatif des barres détecté (pos=0.2228). Re-calcul de la physique et factorisation LU...
[2026-04-29 19:09:59] [DEBUG   ] [physics.materials] Calcul des propriétés matériaux. rod_insertion=0.22275087681957342
[2026-04-29 19:09:59] [DEBUG   ] [physics.materials] Utilisation du user_mapping: {'Fuel': 'Fuel_Uranium', 'Moderator': 'Water_Moderator', 'Reflector': 'Graphite_Moderator', 'ControlRods': 'Boral_ControlRod'}
[2026-04-29 19:09:59] [DEBUG   ] [physics.materials] Propriétés des matériaux appliquées avec succès sur tout le maillage.
[2026-04-29 19:09:59] [DEBUG   ] [core.assembly] Début de l'assemblage (Masse/Réaction) pour 327018 éléments...
[2026-04-29 19:09:59] [DEBUG   ] [core.assembly] Assemblage terminé. Matrice creuse construite: taille (163550, 163550) avec 1144684 éléments non-nuls.
[2026-04-29 19:10:01] [INFO    ] [core.time_integration] Mouvement significatif des barres détecté (pos=0.2352). Re-calcul de la physique et factorisation LU...
[2026-04-29 19:10:01] [DEBUG   ] [physics.materials] Calcul des propriétés matériaux. rod_insertion=0.23515557639211493
[2026-04-29 19:10:01] [DEBUG   ] [physics.materials] Utilisation du user_mapping: {'Fuel': 'Fuel_Uranium', 'Moderator': 'Water_Moderator', 'Reflector': 'Graphite_Moderator', 'ControlRods': 'Boral_ControlRod'}
[2026-04-29 19:10:01] [DEBUG   ] [physics.materials] Propriétés des matériaux appliquées avec succès sur tout le maillage.
[2026-04-29 19:10:01] [DEBUG   ] [core.assembly] Début de l'assemblage (Masse/Réaction) pour 327018 éléments...
[2026-04-29 19:10:01] [DEBUG   ] [core.assembly] Assemblage terminé. Matrice creuse construite: taille (163550, 163550) avec 1144684 éléments non-nuls.
[2026-04-29 19:10:03] [INFO    ] [core.time_integration] Mouvement significatif des barres détecté (pos=0.2473). Re-calcul de la physique et factorisation LU...
[2026-04-29 19:10:03] [DEBUG   ] [physics.materials] Calcul des propriétés matériaux. rod_insertion=0.2473423337149537
[2026-04-29 19:10:03] [DEBUG   ] [physics.materials] Utilisation du user_mapping: {'Fuel': 'Fuel_Uranium', 'Moderator': 'Water_Moderator', 'Reflector': 'Graphite_Moderator', 'ControlRods': 'Boral_ControlRod'}
[2026-04-29 19:10:03] [DEBUG   ] [physics.materials] Propriétés des matériaux appliquées avec succès sur tout le maillage.
[2026-04-29 19:10:03] [DEBUG   ] [core.assembly] Début de l'assemblage (Masse/Réaction) pour 327018 éléments...
[2026-04-29 19:10:03] [DEBUG   ] [core.assembly] Assemblage terminé. Matrice creuse construite: taille (163550, 163550) avec 1144684 éléments non-nuls.
[2026-04-29 19:10:05] [INFO    ] [core.time_integration] Mouvement significatif des barres détecté (pos=0.2593). Re-calcul de la physique et factorisation LU...
[2026-04-29 19:10:05] [DEBUG   ] [physics.materials] Calcul des propriétés matériaux. rod_insertion=0.25926819842219834
[2026-04-29 19:10:05] [DEBUG   ] [physics.materials] Utilisation du user_mapping: {'Fuel': 'Fuel_Uranium', 'Moderator': 'Water_Moderator', 'Reflector': 'Graphite_Moderator', 'ControlRods': 'Boral_ControlRod'}
[2026-04-29 19:10:05] [DEBUG   ] [physics.materials] Propriétés des matériaux appliquées avec succès sur tout le maillage.
[2026-04-29 19:10:05] [DEBUG   ] [core.assembly] Début de l'assemblage (Masse/Réaction) pour 327018 éléments...
[2026-04-29 19:10:05] [DEBUG   ] [core.assembly] Assemblage terminé. Matrice creuse construite: taille (163550, 163550) avec 1144684 éléments non-nuls.
[2026-04-29 19:10:07] [INFO    ] [core.time_integration] Mouvement significatif des barres détecté (pos=0.2709). Re-calcul de la physique et factorisation LU...
[2026-04-29 19:10:07] [DEBUG   ] [physics.materials] Calcul des propriétés matériaux. rod_insertion=0.2708901949991373
[2026-04-29 19:10:07] [DEBUG   ] [physics.materials] Utilisation du user_mapping: {'Fuel': 'Fuel_Uranium', 'Moderator': 'Water_Moderator', 'Reflector': 'Graphite_Moderator', 'ControlRods': 'Boral_ControlRod'}
[2026-04-29 19:10:07] [DEBUG   ] [physics.materials] Propriétés des matériaux appliquées avec succès sur tout le maillage.
[2026-04-29 19:10:07] [DEBUG   ] [core.assembly] Début de l'assemblage (Masse/Réaction) pour 327018 éléments...
[2026-04-29 19:10:07] [DEBUG   ] [core.assembly] Assemblage terminé. Matrice creuse construite: taille (163550, 163550) avec 1144684 éléments non-nuls.
[2026-04-29 19:10:08] [DEBUG   ] [core.time_integration] Progression de l'intégration : Étape 20/100
[2026-04-29 19:10:08] [INFO    ] [core.time_integration] Mouvement significatif des barres détecté (pos=0.2822). Re-calcul de la physique et factorisation LU...
[2026-04-29 19:10:08] [DEBUG   ] [physics.materials] Calcul des propriétés matériaux. rod_insertion=0.282165369362358
[2026-04-29 19:10:08] [DEBUG   ] [physics.materials] Utilisation du user_mapping: {'Fuel': 'Fuel_Uranium', 'Moderator': 'Water_Moderator', 'Reflector': 'Graphite_Moderator', 'ControlRods': 'Boral_ControlRod'}
[2026-04-29 19:10:08] [DEBUG   ] [physics.materials] Propriétés des matériaux appliquées avec succès sur tout le maillage.
[2026-04-29 19:10:08] [DEBUG   ] [core.assembly] Début de l'assemblage (Masse/Réaction) pour 327018 éléments...
[2026-04-29 19:10:09] [DEBUG   ] [core.assembly] Assemblage terminé. Matrice creuse construite: taille (163550, 163550) avec 1144684 éléments non-nuls.
[2026-04-29 19:10:10] [INFO    ] [core.time_integration] Mouvement significatif des barres détecté (pos=0.2931). Re-calcul de la physique et factorisation LU...
[2026-04-29 19:10:10] [DEBUG   ] [physics.materials] Calcul des propriétés matériaux. rod_insertion=0.2930508336568858
[2026-04-29 19:10:10] [DEBUG   ] [physics.materials] Utilisation du user_mapping: {'Fuel': 'Fuel_Uranium', 'Moderator': 'Water_Moderator', 'Reflector': 'Graphite_Moderator', 'ControlRods': 'Boral_ControlRod'}
[2026-04-29 19:10:10] [DEBUG   ] [physics.materials] Propriétés des matériaux appliquées avec succès sur tout le maillage.
[2026-04-29 19:10:10] [DEBUG   ] [core.assembly] Début de l'assemblage (Masse/Réaction) pour 327018 éléments...
[2026-04-29 19:10:11] [DEBUG   ] [core.assembly] Assemblage terminé. Matrice creuse construite: taille (163550, 163550) avec 1144684 éléments non-nuls.
[2026-04-29 19:10:12] [INFO    ] [core.time_integration] Mouvement significatif des barres détecté (pos=0.3035). Re-calcul de la physique et factorisation LU...
[2026-04-29 19:10:12] [DEBUG   ] [physics.materials] Calcul des propriétés matériaux. rod_insertion=0.3035038092928649
[2026-04-29 19:10:12] [DEBUG   ] [physics.materials] Utilisation du user_mapping: {'Fuel': 'Fuel_Uranium', 'Moderator': 'Water_Moderator', 'Reflector': 'Graphite_Moderator', 'ControlRods': 'Boral_ControlRod'}
[2026-04-29 19:10:12] [DEBUG   ] [physics.materials] Propriétés des matériaux appliquées avec succès sur tout le maillage.
[2026-04-29 19:10:12] [DEBUG   ] [core.assembly] Début de l'assemblage (Masse/Réaction) pour 327018 éléments...
[2026-04-29 19:10:12] [DEBUG   ] [core.assembly] Assemblage terminé. Matrice creuse construite: taille (163550, 163550) avec 1144684 éléments non-nuls.
[2026-04-29 19:10:14] [INFO    ] [core.time_integration] Mouvement significatif des barres détecté (pos=0.3135). Re-calcul de la physique et factorisation LU...
[2026-04-29 19:10:14] [DEBUG   ] [physics.materials] Calcul des propriétés matériaux. rod_insertion=0.3134816682824376
[2026-04-29 19:10:14] [DEBUG   ] [physics.materials] Utilisation du user_mapping: {'Fuel': 'Fuel_Uranium', 'Moderator': 'Water_Moderator', 'Reflector': 'Graphite_Moderator', 'ControlRods': 'Boral_ControlRod'}
[2026-04-29 19:10:14] [DEBUG   ] [physics.materials] Propriétés des matériaux appliquées avec succès sur tout le maillage.
[2026-04-29 19:10:14] [DEBUG   ] [core.assembly] Début de l'assemblage (Masse/Réaction) pour 327018 éléments...
[2026-04-29 19:10:14] [DEBUG   ] [core.assembly] Assemblage terminé. Matrice creuse construite: taille (163550, 163550) avec 1144684 éléments non-nuls.
[2026-04-29 19:10:16] [INFO    ] [core.time_integration] Mouvement significatif des barres détecté (pos=0.3229). Re-calcul de la physique et factorisation LU...
[2026-04-29 19:10:16] [DEBUG   ] [physics.materials] Calcul des propriétés matériaux. rod_insertion=0.3229419729887506
[2026-04-29 19:10:16] [DEBUG   ] [physics.materials] Utilisation du user_mapping: {'Fuel': 'Fuel_Uranium', 'Moderator': 'Water_Moderator', 'Reflector': 'Graphite_Moderator', 'ControlRods': 'Boral_ControlRod'}
[2026-04-29 19:10:16] [DEBUG   ] [physics.materials] Propriétés des matériaux appliquées avec succès sur tout le maillage.
[2026-04-29 19:10:16] [DEBUG   ] [core.assembly] Début de l'assemblage (Masse/Réaction) pour 327018 éléments...
[2026-04-29 19:10:16] [DEBUG   ] [core.assembly] Assemblage terminé. Matrice creuse construite: taille (163550, 163550) avec 1144684 éléments non-nuls.
[2026-04-29 19:10:18] [INFO    ] [core.time_integration] Mouvement significatif des barres détecté (pos=0.3318). Re-calcul de la physique et factorisation LU...
[2026-04-29 19:10:18] [DEBUG   ] [physics.materials] Calcul des propriétés matériaux. rod_insertion=0.3318425144521525
[2026-04-29 19:10:18] [DEBUG   ] [physics.materials] Utilisation du user_mapping: {'Fuel': 'Fuel_Uranium', 'Moderator': 'Water_Moderator', 'Reflector': 'Graphite_Moderator', 'ControlRods': 'Boral_ControlRod'}
[2026-04-29 19:10:18] [DEBUG   ] [physics.materials] Propriétés des matériaux appliquées avec succès sur tout le maillage.
[2026-04-29 19:10:18] [DEBUG   ] [core.assembly] Début de l'assemblage (Masse/Réaction) pour 327018 éléments...
[2026-04-29 19:10:18] [DEBUG   ] [core.assembly] Assemblage terminé. Matrice creuse construite: taille (163550, 163550) avec 1144684 éléments non-nuls.
[2026-04-29 19:10:20] [INFO    ] [core.time_integration] Mouvement significatif des barres détecté (pos=0.3401). Re-calcul de la physique et factorisation LU...
[2026-04-29 19:10:20] [DEBUG   ] [physics.materials] Calcul des propriétés matériaux. rod_insertion=0.34014134950769137
[2026-04-29 19:10:20] [DEBUG   ] [physics.materials] Utilisation du user_mapping: {'Fuel': 'Fuel_Uranium', 'Moderator': 'Water_Moderator', 'Reflector': 'Graphite_Moderator', 'ControlRods': 'Boral_ControlRod'}
[2026-04-29 19:10:20] [DEBUG   ] [physics.materials] Propriétés des matériaux appliquées avec succès sur tout le maillage.
[2026-04-29 19:10:20] [DEBUG   ] [core.assembly] Début de l'assemblage (Masse/Réaction) pour 327018 éléments...
[2026-04-29 19:10:20] [DEBUG   ] [core.assembly] Assemblage terminé. Matrice creuse construite: taille (163550, 163550) avec 1144684 éléments non-nuls.
[2026-04-29 19:10:21] [INFO    ] [core.time_integration] Mouvement significatif des barres détecté (pos=0.3478). Re-calcul de la physique et factorisation LU...
[2026-04-29 19:10:21] [DEBUG   ] [physics.materials] Calcul des propriétés matériaux. rod_insertion=0.3477968369503463
[2026-04-29 19:10:21] [DEBUG   ] [physics.materials] Utilisation du user_mapping: {'Fuel': 'Fuel_Uranium', 'Moderator': 'Water_Moderator', 'Reflector': 'Graphite_Moderator', 'ControlRods': 'Boral_ControlRod'}
[2026-04-29 19:10:21] [DEBUG   ] [physics.materials] Propriétés des matériaux appliquées avec succès sur tout le maillage.
[2026-04-29 19:10:21] [DEBUG   ] [core.assembly] Début de l'assemblage (Masse/Réaction) pour 327018 éléments...
[2026-04-29 19:10:21] [DEBUG   ] [core.assembly] Assemblage terminé. Matrice creuse construite: taille (163550, 163550) avec 1144684 éléments non-nuls.
[2026-04-29 19:10:22] [INFO    ] [core.time_integration] Mouvement significatif des barres détecté (pos=0.3548). Re-calcul de la physique et factorisation LU...
[2026-04-29 19:10:22] [DEBUG   ] [physics.materials] Calcul des propriétés matériaux. rod_insertion=0.35476767303933454
[2026-04-29 19:10:22] [DEBUG   ] [physics.materials] Utilisation du user_mapping: {'Fuel': 'Fuel_Uranium', 'Moderator': 'Water_Moderator', 'Reflector': 'Graphite_Moderator', 'ControlRods': 'Boral_ControlRod'}
[2026-04-29 19:10:22] [DEBUG   ] [physics.materials] Propriétés des matériaux appliquées avec succès sur tout le maillage.
[2026-04-29 19:10:22] [DEBUG   ] [core.assembly] Début de l'assemblage (Masse/Réaction) pour 327018 éléments...
[2026-04-29 19:10:23] [DEBUG   ] [core.assembly] Assemblage terminé. Matrice creuse construite: taille (163550, 163550) avec 1144684 éléments non-nuls.
[2026-04-29 19:10:24] [INFO    ] [core.time_integration] Mouvement significatif des barres détecté (pos=0.3610). Re-calcul de la physique et factorisation LU...
[2026-04-29 19:10:24] [DEBUG   ] [physics.materials] Calcul des propriétés matériaux. rod_insertion=0.36101292666068174
[2026-04-29 19:10:24] [DEBUG   ] [physics.materials] Utilisation du user_mapping: {'Fuel': 'Fuel_Uranium', 'Moderator': 'Water_Moderator', 'Reflector': 'Graphite_Moderator', 'ControlRods': 'Boral_ControlRod'}
[2026-04-29 19:10:24] [DEBUG   ] [physics.materials] Propriétés des matériaux appliquées avec succès sur tout le maillage.
[2026-04-29 19:10:24] [DEBUG   ] [core.assembly] Début de l'assemblage (Masse/Réaction) pour 327018 éléments...
[2026-04-29 19:10:24] [DEBUG   ] [core.assembly] Assemblage terminé. Matrice creuse construite: taille (163550, 163550) avec 1144684 éléments non-nuls.
[2026-04-29 19:10:26] [DEBUG   ] [core.time_integration] Progression de l'intégration : Étape 30/100
[2026-04-29 19:10:26] [INFO    ] [core.time_integration] Mouvement significatif des barres détecté (pos=0.3665). Re-calcul de la physique et factorisation LU...
[2026-04-29 19:10:26] [DEBUG   ] [physics.materials] Calcul des propriétés matériaux. rod_insertion=0.3664920744889817
[2026-04-29 19:10:26] [DEBUG   ] [physics.materials] Utilisation du user_mapping: {'Fuel': 'Fuel_Uranium', 'Moderator': 'Water_Moderator', 'Reflector': 'Graphite_Moderator', 'ControlRods': 'Boral_ControlRod'}
[2026-04-29 19:10:26] [DEBUG   ] [physics.materials] Propriétés des matériaux appliquées avec succès sur tout le maillage.
[2026-04-29 19:10:26] [DEBUG   ] [core.assembly] Début de l'assemblage (Masse/Réaction) pour 327018 éléments...
[2026-04-29 19:10:26] [DEBUG   ] [core.assembly] Assemblage terminé. Matrice creuse construite: taille (163550, 163550) avec 1144684 éléments non-nuls.
[2026-04-29 19:10:28] [INFO    ] [core.time_integration] Mouvement significatif des barres détecté (pos=0.3712). Re-calcul de la physique et factorisation LU...
[2026-04-29 19:10:28] [DEBUG   ] [physics.materials] Calcul des propriétés matériaux. rod_insertion=0.37116503650609095
[2026-04-29 19:10:28] [DEBUG   ] [physics.materials] Utilisation du user_mapping: {'Fuel': 'Fuel_Uranium', 'Moderator': 'Water_Moderator', 'Reflector': 'Graphite_Moderator', 'ControlRods': 'Boral_ControlRod'}
[2026-04-29 19:10:28] [DEBUG   ] [physics.materials] Propriétés des matériaux appliquées avec succès sur tout le maillage.
[2026-04-29 19:10:28] [DEBUG   ] [core.assembly] Début de l'assemblage (Masse/Réaction) pour 327018 éléments...
[2026-04-29 19:10:28] [DEBUG   ] [core.assembly] Assemblage terminé. Matrice creuse construite: taille (163550, 163550) avec 1144684 éléments non-nuls.
[2026-04-29 19:10:30] [INFO    ] [core.time_integration] Mouvement significatif des barres détecté (pos=0.3750). Re-calcul de la physique et factorisation LU...
[2026-04-29 19:10:30] [DEBUG   ] [physics.materials] Calcul des propriétés matériaux. rod_insertion=0.3749922122477379
[2026-04-29 19:10:30] [DEBUG   ] [physics.materials] Utilisation du user_mapping: {'Fuel': 'Fuel_Uranium', 'Moderator': 'Water_Moderator', 'Reflector': 'Graphite_Moderator', 'ControlRods': 'Boral_ControlRod'}
[2026-04-29 19:10:30] [DEBUG   ] [physics.materials] Propriétés des matériaux appliquées avec succès sur tout le maillage.
[2026-04-29 19:10:30] [DEBUG   ] [core.assembly] Début de l'assemblage (Masse/Réaction) pour 327018 éléments...
[2026-04-29 19:10:30] [DEBUG   ] [core.assembly] Assemblage terminé. Matrice creuse construite: taille (163550, 163550) avec 1144684 éléments non-nuls.
[2026-04-29 19:10:32] [INFO    ] [core.time_integration] Mouvement significatif des barres détecté (pos=0.3779). Re-calcul de la physique et factorisation LU...
[2026-04-29 19:10:32] [DEBUG   ] [physics.materials] Calcul des propriétés matériaux. rod_insertion=0.3779345181600223
[2026-04-29 19:10:32] [DEBUG   ] [physics.materials] Utilisation du user_mapping: {'Fuel': 'Fuel_Uranium', 'Moderator': 'Water_Moderator', 'Reflector': 'Graphite_Moderator', 'ControlRods': 'Boral_ControlRod'}
[2026-04-29 19:10:32] [DEBUG   ] [physics.materials] Propriétés des matériaux appliquées avec succès sur tout le maillage.
[2026-04-29 19:10:32] [DEBUG   ] [core.assembly] Début de l'assemblage (Masse/Réaction) pour 327018 éléments...
[2026-04-29 19:10:32] [DEBUG   ] [core.assembly] Assemblage terminé. Matrice creuse construite: taille (163550, 163550) avec 1144684 éléments non-nuls.
[2026-04-29 19:10:34] [INFO    ] [core.time_integration] Mouvement significatif des barres détecté (pos=0.3800). Re-calcul de la physique et factorisation LU...
[2026-04-29 19:10:34] [DEBUG   ] [physics.materials] Calcul des propriétés matériaux. rod_insertion=0.3799534264578728
[2026-04-29 19:10:34] [DEBUG   ] [physics.materials] Utilisation du user_mapping: {'Fuel': 'Fuel_Uranium', 'Moderator': 'Water_Moderator', 'Reflector': 'Graphite_Moderator', 'ControlRods': 'Boral_ControlRod'}
[2026-04-29 19:10:34] [DEBUG   ] [physics.materials] Propriétés des matériaux appliquées avec succès sur tout le maillage.
[2026-04-29 19:10:34] [DEBUG   ] [core.assembly] Début de l'assemblage (Masse/Réaction) pour 327018 éléments...
[2026-04-29 19:10:34] [DEBUG   ] [core.assembly] Assemblage terminé. Matrice creuse construite: taille (163550, 163550) avec 1144684 éléments non-nuls.
[2026-04-29 19:10:35] [INFO    ] [core.time_integration] Mouvement significatif des barres détecté (pos=0.3810). Re-calcul de la physique et factorisation LU...
[2026-04-29 19:10:35] [DEBUG   ] [physics.materials] Calcul des propriétés matériaux. rod_insertion=0.38101100588800413
[2026-04-29 19:10:35] [DEBUG   ] [physics.materials] Utilisation du user_mapping: {'Fuel': 'Fuel_Uranium', 'Moderator': 'Water_Moderator', 'Reflector': 'Graphite_Moderator', 'ControlRods': 'Boral_ControlRod'}
[2026-04-29 19:10:35] [DEBUG   ] [physics.materials] Propriétés des matériaux appliquées avec succès sur tout le maillage.
[2026-04-29 19:10:35] [DEBUG   ] [core.assembly] Début de l'assemblage (Masse/Réaction) pour 327018 éléments...
[2026-04-29 19:10:36] [DEBUG   ] [core.assembly] Assemblage terminé. Matrice creuse construite: taille (163550, 163550) avec 1144684 éléments non-nuls.
[2026-04-29 19:10:37] [INFO    ] [core.time_integration] Mouvement significatif des barres détecté (pos=0.3780). Re-calcul de la physique et factorisation LU...
[2026-04-29 19:10:37] [DEBUG   ] [physics.materials] Calcul des propriétés matériaux. rod_insertion=0.378042649464458
[2026-04-29 19:10:37] [DEBUG   ] [physics.materials] Utilisation du user_mapping: {'Fuel': 'Fuel_Uranium', 'Moderator': 'Water_Moderator', 'Reflector': 'Graphite_Moderator', 'ControlRods': 'Boral_ControlRod'}
[2026-04-29 19:10:37] [DEBUG   ] [physics.materials] Propriétés des matériaux appliquées avec succès sur tout le maillage.
[2026-04-29 19:10:37] [DEBUG   ] [core.assembly] Début de l'assemblage (Masse/Réaction) pour 327018 éléments...
[2026-04-29 19:10:38] [DEBUG   ] [core.assembly] Assemblage terminé. Matrice creuse construite: taille (163550, 163550) avec 1144684 éléments non-nuls.
[2026-04-29 19:10:39] [INFO    ] [core.time_integration] Mouvement significatif des barres détecté (pos=0.3749). Re-calcul de la physique et factorisation LU...
[2026-04-29 19:10:39] [DEBUG   ] [physics.materials] Calcul des propriétés matériaux. rod_insertion=0.3748885530308166
[2026-04-29 19:10:39] [DEBUG   ] [physics.materials] Utilisation du user_mapping: {'Fuel': 'Fuel_Uranium', 'Moderator': 'Water_Moderator', 'Reflector': 'Graphite_Moderator', 'ControlRods': 'Boral_ControlRod'}
[2026-04-29 19:10:39] [DEBUG   ] [physics.materials] Propriétés des matériaux appliquées avec succès sur tout le maillage.
[2026-04-29 19:10:39] [DEBUG   ] [core.assembly] Début de l'assemblage (Masse/Réaction) pour 327018 éléments...
[2026-04-29 19:10:40] [DEBUG   ] [core.assembly] Assemblage terminé. Matrice creuse construite: taille (163550, 163550) avec 1144684 éléments non-nuls.
[2026-04-29 19:10:41] [DEBUG   ] [core.time_integration] Progression de l'intégration : Étape 40/100
[2026-04-29 19:10:41] [INFO    ] [core.time_integration] Mouvement significatif des barres détecté (pos=0.3706). Re-calcul de la physique et factorisation LU...
[2026-04-29 19:10:41] [DEBUG   ] [physics.materials] Calcul des propriétés matériaux. rod_insertion=0.37059400084548566
[2026-04-29 19:10:41] [DEBUG   ] [physics.materials] Utilisation du user_mapping: {'Fuel': 'Fuel_Uranium', 'Moderator': 'Water_Moderator', 'Reflector': 'Graphite_Moderator', 'ControlRods': 'Boral_ControlRod'}
[2026-04-29 19:10:41] [DEBUG   ] [physics.materials] Propriétés des matériaux appliquées avec succès sur tout le maillage.
[2026-04-29 19:10:41] [DEBUG   ] [core.assembly] Début de l'assemblage (Masse/Réaction) pour 327018 éléments...
[2026-04-29 19:10:41] [DEBUG   ] [core.assembly] Assemblage terminé. Matrice creuse construite: taille (163550, 163550) avec 1144684 éléments non-nuls.
[2026-04-29 19:10:43] [INFO    ] [core.time_integration] Mouvement significatif des barres détecté (pos=0.3651). Re-calcul de la physique et factorisation LU...
[2026-04-29 19:10:43] [DEBUG   ] [physics.materials] Calcul des propriétés matériaux. rod_insertion=0.3651256620784777
[2026-04-29 19:10:43] [DEBUG   ] [physics.materials] Utilisation du user_mapping: {'Fuel': 'Fuel_Uranium', 'Moderator': 'Water_Moderator', 'Reflector': 'Graphite_Moderator', 'ControlRods': 'Boral_ControlRod'}
[2026-04-29 19:10:43] [DEBUG   ] [physics.materials] Propriétés des matériaux appliquées avec succès sur tout le maillage.
[2026-04-29 19:10:43] [DEBUG   ] [core.assembly] Début de l'assemblage (Masse/Réaction) pour 327018 éléments...
[2026-04-29 19:10:43] [DEBUG   ] [core.assembly] Assemblage terminé. Matrice creuse construite: taille (163550, 163550) avec 1144684 éléments non-nuls.
[2026-04-29 19:10:45] [INFO    ] [core.time_integration] Mouvement significatif des barres détecté (pos=0.3585). Re-calcul de la physique et factorisation LU...
[2026-04-29 19:10:45] [DEBUG   ] [physics.materials] Calcul des propriétés matériaux. rod_insertion=0.35845117649834396
[2026-04-29 19:10:45] [DEBUG   ] [physics.materials] Utilisation du user_mapping: {'Fuel': 'Fuel_Uranium', 'Moderator': 'Water_Moderator', 'Reflector': 'Graphite_Moderator', 'ControlRods': 'Boral_ControlRod'}
[2026-04-29 19:10:45] [DEBUG   ] [physics.materials] Propriétés des matériaux appliquées avec succès sur tout le maillage.
[2026-04-29 19:10:45] [DEBUG   ] [core.assembly] Début de l'assemblage (Masse/Réaction) pour 327018 éléments...
[2026-04-29 19:10:45] [DEBUG   ] [core.assembly] Assemblage terminé. Matrice creuse construite: taille (163550, 163550) avec 1144684 éléments non-nuls.
[2026-04-29 19:10:47] [INFO    ] [core.time_integration] Mouvement significatif des barres détecté (pos=0.3505). Re-calcul de la physique et factorisation LU...
[2026-04-29 19:10:47] [DEBUG   ] [physics.materials] Calcul des propriétés matériaux. rod_insertion=0.3505392285771879
[2026-04-29 19:10:47] [DEBUG   ] [physics.materials] Utilisation du user_mapping: {'Fuel': 'Fuel_Uranium', 'Moderator': 'Water_Moderator', 'Reflector': 'Graphite_Moderator', 'ControlRods': 'Boral_ControlRod'}
[2026-04-29 19:10:47] [DEBUG   ] [physics.materials] Propriétés des matériaux appliquées avec succès sur tout le maillage.
[2026-04-29 19:10:47] [DEBUG   ] [core.assembly] Début de l'assemblage (Masse/Réaction) pour 327018 éléments...
[2026-04-29 19:10:47] [DEBUG   ] [core.assembly] Assemblage terminé. Matrice creuse construite: taille (163550, 163550) avec 1144684 éléments non-nuls.
[2026-04-29 19:10:48] [INFO    ] [core.time_integration] Mouvement significatif des barres détecté (pos=0.3414). Re-calcul de la physique et factorisation LU...
[2026-04-29 19:10:48] [DEBUG   ] [physics.materials] Calcul des propriétés matériaux. rod_insertion=0.3413596272467588
[2026-04-29 19:10:48] [DEBUG   ] [physics.materials] Utilisation du user_mapping: {'Fuel': 'Fuel_Uranium', 'Moderator': 'Water_Moderator', 'Reflector': 'Graphite_Moderator', 'ControlRods': 'Boral_ControlRod'}
[2026-04-29 19:10:48] [DEBUG   ] [physics.materials] Propriétés des matériaux appliquées avec succès sur tout le maillage.
[2026-04-29 19:10:48] [DEBUG   ] [core.assembly] Début de l'assemblage (Masse/Réaction) pour 327018 éléments...
[2026-04-29 19:10:48] [DEBUG   ] [core.assembly] Assemblage terminé. Matrice creuse construite: taille (163550, 163550) avec 1144684 éléments non-nuls.
[2026-04-29 19:10:50] [INFO    ] [core.time_integration] Mouvement significatif des barres détecté (pos=0.3309). Re-calcul de la physique et factorisation LU...
[2026-04-29 19:10:50] [DEBUG   ] [physics.materials] Calcul des propriétés matériaux. rod_insertion=0.3308833928616956
[2026-04-29 19:10:50] [DEBUG   ] [physics.materials] Utilisation du user_mapping: {'Fuel': 'Fuel_Uranium', 'Moderator': 'Water_Moderator', 'Reflector': 'Graphite_Moderator', 'ControlRods': 'Boral_ControlRod'}
[2026-04-29 19:10:50] [DEBUG   ] [physics.materials] Propriétés des matériaux appliquées avec succès sur tout le maillage.
[2026-04-29 19:10:50] [DEBUG   ] [core.assembly] Début de l'assemblage (Masse/Réaction) pour 327018 éléments...
[2026-04-29 19:10:50] [DEBUG   ] [core.assembly] Assemblage terminé. Matrice creuse construite: taille (163550, 163550) avec 1144684 éléments non-nuls.
[2026-04-29 19:10:52] [INFO    ] [core.time_integration] Mouvement significatif des barres détecté (pos=0.3191). Re-calcul de la physique et factorisation LU...
[2026-04-29 19:10:52] [DEBUG   ] [physics.materials] Calcul des propriétés matériaux. rod_insertion=0.3190828523896164
[2026-04-29 19:10:52] [DEBUG   ] [physics.materials] Utilisation du user_mapping: {'Fuel': 'Fuel_Uranium', 'Moderator': 'Water_Moderator', 'Reflector': 'Graphite_Moderator', 'ControlRods': 'Boral_ControlRod'}
[2026-04-29 19:10:52] [DEBUG   ] [physics.materials] Propriétés des matériaux appliquées avec succès sur tout le maillage.
[2026-04-29 19:10:52] [DEBUG   ] [core.assembly] Début de l'assemblage (Masse/Réaction) pour 327018 éléments...
[2026-04-29 19:10:52] [DEBUG   ] [core.assembly] Assemblage terminé. Matrice creuse construite: taille (163550, 163550) avec 1144684 éléments non-nuls.
[2026-04-29 19:10:53] [INFO    ] [core.time_integration] Mouvement significatif des barres détecté (pos=0.3059). Re-calcul de la physique et factorisation LU...
[2026-04-29 19:10:53] [DEBUG   ] [physics.materials] Calcul des propriétés matériaux. rod_insertion=0.3059317438171624
[2026-04-29 19:10:53] [DEBUG   ] [physics.materials] Utilisation du user_mapping: {'Fuel': 'Fuel_Uranium', 'Moderator': 'Water_Moderator', 'Reflector': 'Graphite_Moderator', 'ControlRods': 'Boral_ControlRod'}
[2026-04-29 19:10:53] [DEBUG   ] [physics.materials] Propriétés des matériaux appliquées avec succès sur tout le maillage.
[2026-04-29 19:10:53] [DEBUG   ] [core.assembly] Début de l'assemblage (Masse/Réaction) pour 327018 éléments...
[2026-04-29 19:10:54] [DEBUG   ] [core.assembly] Assemblage terminé. Matrice creuse construite: taille (163550, 163550) avec 1144684 éléments non-nuls.
[2026-04-29 19:10:55] [INFO    ] [core.time_integration] Mouvement significatif des barres détecté (pos=0.2914). Re-calcul de la physique et factorisation LU...
[2026-04-29 19:10:55] [DEBUG   ] [physics.materials] Calcul des propriétés matériaux. rod_insertion=0.29140533086222214
[2026-04-29 19:10:55] [DEBUG   ] [physics.materials] Utilisation du user_mapping: {'Fuel': 'Fuel_Uranium', 'Moderator': 'Water_Moderator', 'Reflector': 'Graphite_Moderator', 'ControlRods': 'Boral_ControlRod'}
[2026-04-29 19:10:55] [DEBUG   ] [physics.materials] Propriétés des matériaux appliquées avec succès sur tout le maillage.
[2026-04-29 19:10:55] [DEBUG   ] [core.assembly] Début de l'assemblage (Masse/Réaction) pour 327018 éléments...
[2026-04-29 19:10:55] [DEBUG   ] [core.assembly] Assemblage terminé. Matrice creuse construite: taille (163550, 163550) avec 1144684 éléments non-nuls.
[2026-04-29 19:10:57] [INFO    ] [core.time_integration] Mouvement significatif des barres détecté (pos=0.2755). Re-calcul de la physique et factorisation LU...
[2026-04-29 19:10:57] [DEBUG   ] [physics.materials] Calcul des propriétés matériaux. rod_insertion=0.2754805292114844
[2026-04-29 19:10:57] [DEBUG   ] [physics.materials] Utilisation du user_mapping: {'Fuel': 'Fuel_Uranium', 'Moderator': 'Water_Moderator', 'Reflector': 'Graphite_Moderator', 'ControlRods': 'Boral_ControlRod'}
[2026-04-29 19:10:57] [DEBUG   ] [physics.materials] Propriétés des matériaux appliquées avec succès sur tout le maillage.
[2026-04-29 19:10:57] [DEBUG   ] [core.assembly] Début de l'assemblage (Masse/Réaction) pour 327018 éléments...
[2026-04-29 19:10:57] [DEBUG   ] [core.assembly] Assemblage terminé. Matrice creuse construite: taille (163550, 163550) avec 1144684 éléments non-nuls.
[2026-04-29 19:10:59] [DEBUG   ] [core.time_integration] Progression de l'intégration : Étape 50/100
[2026-04-29 19:10:59] [INFO    ] [core.time_integration] Mouvement significatif des barres détecté (pos=0.2581). Re-calcul de la physique et factorisation LU...
[2026-04-29 19:10:59] [DEBUG   ] [physics.materials] Calcul des propriétés matériaux. rod_insertion=0.2581360456506451
[2026-04-29 19:10:59] [DEBUG   ] [physics.materials] Utilisation du user_mapping: {'Fuel': 'Fuel_Uranium', 'Moderator': 'Water_Moderator', 'Reflector': 'Graphite_Moderator', 'ControlRods': 'Boral_ControlRod'}
[2026-04-29 19:10:59] [DEBUG   ] [physics.materials] Propriétés des matériaux appliquées avec succès sur tout le maillage.
[2026-04-29 19:10:59] [DEBUG   ] [core.assembly] Début de l'assemblage (Masse/Réaction) pour 327018 éléments...
[2026-04-29 19:10:59] [DEBUG   ] [core.assembly] Assemblage terminé. Matrice creuse construite: taille (163550, 163550) avec 1144684 éléments non-nuls.
[2026-04-29 19:11:01] [INFO    ] [core.time_integration] Mouvement significatif des barres détecté (pos=0.2394). Re-calcul de la physique et factorisation LU...
[2026-04-29 19:11:01] [DEBUG   ] [physics.materials] Calcul des propriétés matériaux. rod_insertion=0.23935253162255105
[2026-04-29 19:11:01] [DEBUG   ] [physics.materials] Utilisation du user_mapping: {'Fuel': 'Fuel_Uranium', 'Moderator': 'Water_Moderator', 'Reflector': 'Graphite_Moderator', 'ControlRods': 'Boral_ControlRod'}
[2026-04-29 19:11:01] [DEBUG   ] [physics.materials] Propriétés des matériaux appliquées avec succès sur tout le maillage.
[2026-04-29 19:11:01] [DEBUG   ] [core.assembly] Début de l'assemblage (Masse/Réaction) pour 327018 éléments...
[2026-04-29 19:11:01] [DEBUG   ] [core.assembly] Assemblage terminé. Matrice creuse construite: taille (163550, 163550) avec 1144684 éléments non-nuls.
[2026-04-29 19:11:03] [INFO    ] [core.time_integration] Mouvement significatif des barres détecté (pos=0.2191). Re-calcul de la physique et factorisation LU...
[2026-04-29 19:11:03] [DEBUG   ] [physics.materials] Calcul des propriétés matériaux. rod_insertion=0.21911275293756527
[2026-04-29 19:11:03] [DEBUG   ] [physics.materials] Utilisation du user_mapping: {'Fuel': 'Fuel_Uranium', 'Moderator': 'Water_Moderator', 'Reflector': 'Graphite_Moderator', 'ControlRods': 'Boral_ControlRod'}
[2026-04-29 19:11:03] [DEBUG   ] [physics.materials] Propriétés des matériaux appliquées avec succès sur tout le maillage.
[2026-04-29 19:11:03] [DEBUG   ] [core.assembly] Début de l'assemblage (Masse/Réaction) pour 327018 éléments...
[2026-04-29 19:11:03] [DEBUG   ] [core.assembly] Assemblage terminé. Matrice creuse construite: taille (163550, 163550) avec 1144684 éléments non-nuls.
[2026-04-29 19:11:05] [INFO    ] [core.time_integration] Mouvement significatif des barres détecté (pos=0.1974). Re-calcul de la physique et factorisation LU...
[2026-04-29 19:11:05] [DEBUG   ] [physics.materials] Calcul des propriétés matériaux. rod_insertion=0.19740177757159647
[2026-04-29 19:11:05] [DEBUG   ] [physics.materials] Utilisation du user_mapping: {'Fuel': 'Fuel_Uranium', 'Moderator': 'Water_Moderator', 'Reflector': 'Graphite_Moderator', 'ControlRods': 'Boral_ControlRod'}
[2026-04-29 19:11:05] [DEBUG   ] [physics.materials] Propriétés des matériaux appliquées avec succès sur tout le maillage.
[2026-04-29 19:11:05] [DEBUG   ] [core.assembly] Début de l'assemblage (Masse/Réaction) pour 327018 éléments...
[2026-04-29 19:11:05] [DEBUG   ] [core.assembly] Assemblage terminé. Matrice creuse construite: taille (163550, 163550) avec 1144684 éléments non-nuls.
[2026-04-29 19:11:06] [INFO    ] [core.time_integration] Mouvement significatif des barres détecté (pos=0.1742). Re-calcul de la physique et factorisation LU...
[2026-04-29 19:11:06] [DEBUG   ] [physics.materials] Calcul des propriétés matériaux. rod_insertion=0.1742071837213502
[2026-04-29 19:11:06] [DEBUG   ] [physics.materials] Utilisation du user_mapping: {'Fuel': 'Fuel_Uranium', 'Moderator': 'Water_Moderator', 'Reflector': 'Graphite_Moderator', 'ControlRods': 'Boral_ControlRod'}
[2026-04-29 19:11:06] [DEBUG   ] [physics.materials] Propriétés des matériaux appliquées avec succès sur tout le maillage.
[2026-04-29 19:11:06] [DEBUG   ] [core.assembly] Début de l'assemblage (Masse/Réaction) pour 327018 éléments...
[2026-04-29 19:11:07] [DEBUG   ] [core.assembly] Assemblage terminé. Matrice creuse construite: taille (163550, 163550) avec 1144684 éléments non-nuls.
[2026-04-29 19:11:08] [INFO    ] [core.time_integration] Mouvement significatif des barres détecté (pos=0.1495). Re-calcul de la physique et factorisation LU...
[2026-04-29 19:11:08] [DEBUG   ] [physics.materials] Calcul des propriétés matériaux. rod_insertion=0.14951929054364457
[2026-04-29 19:11:08] [DEBUG   ] [physics.materials] Utilisation du user_mapping: {'Fuel': 'Fuel_Uranium', 'Moderator': 'Water_Moderator', 'Reflector': 'Graphite_Moderator', 'ControlRods': 'Boral_ControlRod'}
[2026-04-29 19:11:08] [DEBUG   ] [physics.materials] Propriétés des matériaux appliquées avec succès sur tout le maillage.
[2026-04-29 19:11:08] [DEBUG   ] [core.assembly] Début de l'assemblage (Masse/Réaction) pour 327018 éléments...
[2026-04-29 19:11:09] [DEBUG   ] [core.assembly] Assemblage terminé. Matrice creuse construite: taille (163550, 163550) avec 1144684 éléments non-nuls.
[2026-04-29 19:11:10] [INFO    ] [core.time_integration] Mouvement significatif des barres détecté (pos=0.1233). Re-calcul de la physique et factorisation LU...
[2026-04-29 19:11:10] [DEBUG   ] [physics.materials] Calcul des propriétés matériaux. rod_insertion=0.12333141428540081
[2026-04-29 19:11:10] [DEBUG   ] [physics.materials] Utilisation du user_mapping: {'Fuel': 'Fuel_Uranium', 'Moderator': 'Water_Moderator', 'Reflector': 'Graphite_Moderator', 'ControlRods': 'Boral_ControlRod'}
[2026-04-29 19:11:10] [DEBUG   ] [physics.materials] Propriétés des matériaux appliquées avec succès sur tout le maillage.
[2026-04-29 19:11:10] [DEBUG   ] [core.assembly] Début de l'assemblage (Masse/Réaction) pour 327018 éléments...
[2026-04-29 19:11:10] [DEBUG   ] [core.assembly] Assemblage terminé. Matrice creuse construite: taille (163550, 163550) avec 1144684 éléments non-nuls.
[2026-04-29 19:11:12] [INFO    ] [core.time_integration] Mouvement significatif des barres détecté (pos=0.0956). Re-calcul de la physique et factorisation LU...
[2026-04-29 19:11:12] [DEBUG   ] [physics.materials] Calcul des propriétés matériaux. rod_insertion=0.09564015281107853
[2026-04-29 19:11:12] [DEBUG   ] [physics.materials] Utilisation du user_mapping: {'Fuel': 'Fuel_Uranium', 'Moderator': 'Water_Moderator', 'Reflector': 'Graphite_Moderator', 'ControlRods': 'Boral_ControlRod'}
[2026-04-29 19:11:12] [DEBUG   ] [physics.materials] Propriétés des matériaux appliquées avec succès sur tout le maillage.
[2026-04-29 19:11:12] [DEBUG   ] [core.assembly] Début de l'assemblage (Masse/Réaction) pour 327018 éléments...
[2026-04-29 19:11:12] [DEBUG   ] [core.assembly] Assemblage terminé. Matrice creuse construite: taille (163550, 163550) avec 1144684 éléments non-nuls.
[2026-04-29 19:11:14] [INFO    ] [core.time_integration] Mouvement significatif des barres détecté (pos=0.0664). Re-calcul de la physique et factorisation LU...
[2026-04-29 19:11:14] [DEBUG   ] [physics.materials] Calcul des propriétés matériaux. rod_insertion=0.06644570185072868
[2026-04-29 19:11:14] [DEBUG   ] [physics.materials] Utilisation du user_mapping: {'Fuel': 'Fuel_Uranium', 'Moderator': 'Water_Moderator', 'Reflector': 'Graphite_Moderator', 'ControlRods': 'Boral_ControlRod'}
[2026-04-29 19:11:14] [DEBUG   ] [physics.materials] Propriétés des matériaux appliquées avec succès sur tout le maillage.
[2026-04-29 19:11:14] [DEBUG   ] [core.assembly] Début de l'assemblage (Masse/Réaction) pour 327018 éléments...
[2026-04-29 19:11:14] [DEBUG   ] [core.assembly] Assemblage terminé. Matrice creuse construite: taille (163550, 163550) avec 1144684 éléments non-nuls.
[2026-04-29 19:11:16] [INFO    ] [core.time_integration] Mouvement significatif des barres détecté (pos=0.0358). Re-calcul de la physique et factorisation LU...
[2026-04-29 19:11:16] [DEBUG   ] [physics.materials] Calcul des propriétés matériaux. rod_insertion=0.03575220661739053
[2026-04-29 19:11:16] [DEBUG   ] [physics.materials] Utilisation du user_mapping: {'Fuel': 'Fuel_Uranium', 'Moderator': 'Water_Moderator', 'Reflector': 'Graphite_Moderator', 'ControlRods': 'Boral_ControlRod'}
[2026-04-29 19:11:16] [DEBUG   ] [physics.materials] Propriétés des matériaux appliquées avec succès sur tout le maillage.
[2026-04-29 19:11:16] [DEBUG   ] [core.assembly] Début de l'assemblage (Masse/Réaction) pour 327018 éléments...
[2026-04-29 19:11:16] [DEBUG   ] [core.assembly] Assemblage terminé. Matrice creuse construite: taille (163550, 163550) avec 1144684 éléments non-nuls.
[2026-04-29 19:11:18] [DEBUG   ] [core.time_integration] Progression de l'intégration : Étape 60/100
[2026-04-29 19:11:18] [INFO    ] [core.time_integration] Mouvement significatif des barres détecté (pos=0.0036). Re-calcul de la physique et factorisation LU...
[2026-04-29 19:11:18] [DEBUG   ] [physics.materials] Calcul des propriétés matériaux. rod_insertion=0.0035681527660958307
[2026-04-29 19:11:18] [DEBUG   ] [physics.materials] Utilisation du user_mapping: {'Fuel': 'Fuel_Uranium', 'Moderator': 'Water_Moderator', 'Reflector': 'Graphite_Moderator', 'ControlRods': 'Boral_ControlRod'}
[2026-04-29 19:11:18] [DEBUG   ] [physics.materials] Propriétés des matériaux appliquées avec succès sur tout le maillage.
[2026-04-29 19:11:18] [DEBUG   ] [core.assembly] Début de l'assemblage (Masse/Réaction) pour 327018 éléments...
[2026-04-29 19:11:18] [DEBUG   ] [core.assembly] Assemblage terminé. Matrice creuse construite: taille (163550, 163550) avec 1144684 éléments non-nuls.
[2026-04-29 19:11:19] [INFO    ] [core.time_integration] Mouvement significatif des barres détecté (pos=0.0000). Re-calcul de la physique et factorisation LU...
[2026-04-29 19:11:19] [DEBUG   ] [physics.materials] Calcul des propriétés matériaux. rod_insertion=0.0
[2026-04-29 19:11:19] [DEBUG   ] [physics.materials] Utilisation du user_mapping: {'Fuel': 'Fuel_Uranium', 'Moderator': 'Water_Moderator', 'Reflector': 'Graphite_Moderator', 'ControlRods': 'Boral_ControlRod'}
[2026-04-29 19:11:19] [DEBUG   ] [physics.materials] Propriétés des matériaux appliquées avec succès sur tout le maillage.
[2026-04-29 19:11:19] [DEBUG   ] [core.assembly] Début de l'assemblage (Masse/Réaction) pour 327018 éléments...
[2026-04-29 19:11:20] [DEBUG   ] [core.assembly] Assemblage terminé. Matrice creuse construite: taille (163550, 163550) avec 1144684 éléments non-nuls.
[2026-04-29 19:11:22] [DEBUG   ] [core.time_integration] Progression de l'intégration : Étape 70/100
[2026-04-29 19:11:22] [DEBUG   ] [core.time_integration] Progression de l'intégration : Étape 80/100
[2026-04-29 19:11:22] [DEBUG   ] [core.time_integration] Progression de l'intégration : Étape 90/100
[2026-04-29 19:11:23] [DEBUG   ] [core.time_integration] Progression de l'intégration : Étape 100/100
[2026-04-29 19:11:23] [INFO    ] [core.time_integration] Fin de l'intégration. Position finale des barres : 0.0000
[2026-04-29 19:11:23] [INFO    ] [core.solver] Intégration temporelle terminée avec succès.
[2026-04-29 19:11:23] [INFO    ] [core.solver] Démarrage de la génération de l'animation Matplotlib...
[2026-04-29 19:13:47] [INFO    ] [core.solver] Fin de l'exécution de run_full_simulation.
